Date,Close,EMA
2022/12/31,16538.3479,17139.776
2022/12/30,16603.75195,17042.31708
2022/12/29,16641.44486,16969.43122
2022/12/28,16549.98327,16893.16796
2022/12/27,16706.45971,16859.221
2022/12/26,16908.94843,16868.26235
2022/12/25,16829.9184,16861.29073
2022/12/24,16833.8821,16856.30734
2022/12/23,16780.46368,16842.51758
2022/12/22,16822.06214,16838.79841
2022/12/21,16806.4165,16832.91079
2022/12/20,16902.54219,16845.57105
2022/12/19,16424.79671,16769.06662
2022/12/18,16750.76581,16765.7392
2022/12/17,16785.8923,16769.4034
2022/12/16,16608.4932,16740.147
2022/12/15,17339.45827,16849.11269
2022/12/14,17799.16897,17021.85019
2022/12/13,17766.35055,17157.21389
2022/12/12,17220.81454,17168.77765
2022/12/11,17091.91654,17154.8029
2022/12/10,17114.34059,17147.44612
2022/12/9,17123.38673,17143.07168
2022/12/8,17254.8416,17163.39348
2022/12/7,16838.04747,17104.23966
2022/12/6,17088.37612,17101.35538
2022/12/5,16959.33606,17075.53369
2022/12/4,17130.16533,17085.46671
2022/12/3,16903.72363,17052.42252
2022/12/2,17088.4265,17058.96869
2022/12/1,16956.1893,17040.28153
2022/11/30,17188.63468,17067.25483
2022/11/29,16436.1924,16952.51621
2022/11/28,16212.40325,16817.95021
2022/11/27,16432.36462,16747.84374
2022/11/26,16461.19452,16695.7257
2022/11/25,16511.91128,16662.3049
2022/11/24,16597.7313,16650.56424
2022/11/23,16615.2292,16644.13969
2022/11/22,16174.9574,16558.83382
2022/11/21,15779.9717,16417.22253
2022/11/20,16291.4477,16394.35438
2022/11/19,16715.83859,16452.80605
2022/11/18,16711.14178,16499.77618
2022/11/17,16690.88953,16534.52406
2022/11/16,16673.50771,16559.79382
2022/11/15,16894.9265,16620.72703
2022/11/14,16630.63746,16622.52893
2022/11/13,16349.9976,16572.97778
2022/11/12,16802.1943,16614.65351
2022/11/11,17104.1984,16703.66167
2022/11/10,17590.41467,16864.88949
2022/11/9,15789.34242,16669.33548
2022/11/8,18528.52093,17007.3692
2022/11/7,20591.7459,17659.07405
2022/11/6,20913.0539,18250.70675
2022/11/5,21281.5851,18801.77554
2022/11/4,21156.078,19229.83053
2022/11/3,20208.59651,19407.78798
2022/11/2,20151.52308,19543.01255
2022/11/1,20481.5549,19713.65661
2022/10/31,20504.46023,19857.43909
2022/10/30,20621.7479,19996.40433
2022/10/29,20811.98837,20144.69233
2022/10/28,20608.2579,20228.97698
2022/10/27,20283.97975,20238.97748
2022/10/26,20754.02397,20332.6223
2022/10/25,20110.87556,20292.30471
2022/10/24,19335.3937,20118.32089
2022/10/23,19548.7249,20014.75798
2022/10/22,19202.85297,19867.13889
2022/10/21,19166.3286,19739.71884
2022/10/20,19042.9309,19613.03012
2022/10/19,19124.9892,19524.29541
2022/10/18,19351.0697,19492.79982
2022/10/17,19558.1117,19504.67471
2022/10/16,19259.62065,19460.11943
2022/10/15,19054.8847,19386.44039
2022/10/14,19191.0274,19350.91075
2022/10/13,19380.6893,19356.32503
2022/10/12,19157.97735,19320.26182
2022/10/11,19045.5416,19270.31269
2022/10/10,19135.37402,19245.77838
2022/10/9,19436.3351,19280.42506
2022/10/8,19401.0105,19302.34969
2022/10/7,19533.02825,19344.29124
2022/10/6,19948.2219,19454.09682
2022/10/5,20168.6041,19584.00723
2022/10/4,20339.726,19721.41064
2022/10/3,19610.3879,19701.22469
2022/10/2,19035.34988,19580.15654
2022/10/1,19305.1719,19530.15934
2022/9/30,19449.60774,19515.51359
2022/9/29,19593.33746,19529.66339
2022/9/28,19399.48878,19505.99528
2022/9/27,19098.47982,19431.90156
2022/9/26,19238.7536,19396.78375
2022/9/25,18814.0516,19290.83245
2022/9/24,18931.73411,19225.54184
2022/9/23,19245.96942,19229.25595
2022/9/22,19429.13269,19265.59717
2022/9/21,18501.82049,19126.72869
2022/9/20,18873.2005,19080.63265
2022/9/19,19576.6372,19170.8153
2022/9/18,19393.59391,19211.3205
2022/9/17,20123.64055,19377.19687
2022/9/16,19756.26819,19446.11893
2022/9/15,19662.3883,19485.44063
2022/9/14,20251.71983,19624.76412
2022/9/13,20172.39246,19724.33291
2022/9/12,22387.93863,20208.62486
2022/9/11,21789.45241,20496.04805
2022/9/10,21661.704,20707.9855
2022/9/9,21370.64087,20828.46829
2022/9/8,19318.4204,20553.91413
2022/9/7,19275.30356,20321.43948
2022/9/6,18812.06104,20047.00704
2022/9/5,19808.09596,20003.56866
2022/9/4,19975.3081,19998.43037
2022/9/3,19834.79562,19968.6786
2022/9/2,19927.5466,19961.20006
2022/9/1,20145.5884,19994.72521
2022/8/31,20046.9471,20004.2201
2022/8/30,19768.0653,19961.28286
2022/8/29,20280.87118,20019.38983
2022/8/28,19606.7351,19944.3617
2022/8/27,20050.5705,19963.67239
2022/8/26,20215.51485,20009.46193
2022/8/25,21591.28483,20297.06609
2022/8/24,21378.10481,20493.61859
2022/8/23,21516.13082,20679.5299
2022/8/22,21418.635,20813.91265
2022/8/21,21515.70635,20941.5115
2022/8/20,21163.4085,20981.85641
2022/8/19,20840.72427,20956.19602
2022/8/18,23206.1852,21365.28496
2022/8/17,23311.75915,21719.18936
2022/8/16,23889.74606,22113.83603
2022/8/15,24146.6057,22483.43052
2022/8/14,24323.00217,22817.89809
2022/8/13,24427.97318,23110.63902
2022/8/12,24395.938,23344.32974
2022/8/11,23928.9778,23450.62939
2022/8/10,23940.2045,23539.64304
2022/8/9,23158.6991,23470.38051
2022/8/8,23792.955,23529.03042
2022/8/7,23170.70242,23463.87987
2022/8/6,22938.3603,23368.33086
2022/8/5,23225.78975,23342.41429
2022/8/4,22635.52,23213.88806
2022/8/3,22812.3048,23140.87292
2022/8/2,22963.82554,23108.68249
2022/8/1,23311.59284,23145.57528
2022/7/31,23314.4296,23176.27606
2022/7/30,23642.24323,23260.99737
2022/7/29,23746.2734,23349.22937
2022/7/28,23847.01344,23439.73557
2022/7/27,22943.12042,23349.44191
2022/7/26,21206.71524,22959.85524
2022/7/25,21340.4673,22665.42107
2022/7/24,22600.78471,22653.669
2022/7/23,22471.3157,22620.51386
2022/7/22,22701.085,22635.16316
2022/7/21,23180.0875,22734.24031
2022/7/20,23244.5742,22827.02829
2022/7/19,23407.3451,22932.54044
2022/7/18,22440.03658,22842.99428
2022/7/17,20769.40226,22465.97755
2022/7/16,21192.11367,22234.36594
2022/7/15,20831.31137,21979.26511
2022/7/14,20587.5358,21726.22341
2022/7/13,20187.1528,21446.39239
2022/7/12,19313.26076,21058.55028
2022/7/11,19992.29457,20864.6856
2022/7/10,20857.65584,20863.40747
2022/7/9,21592.74175,20996.0137
2022/7/8,21801.08221,21142.38979
2022/7/7,21647.16593,21234.16727
2022/7/6,20557.53555,21111.14332
2022/7/5,20185.96233,20942.92859
2022/7/4,20255.6454,20817.96801
2022/7/3,19310.0755,20543.80574
2022/7/2,19246.50949,20307.93369
2022/7/1,19336.10444,20131.23747
2022/6/30,19816.74636,20074.05726
2022/6/29,20101.12,20078.97776
2022/6/28,20293.4508,20117.97286
2022/6/27,20732.9834,20229.79296
2022/6/26,21029.2163,20375.14266
2022/6/25,21499.97104,20579.65691
2022/6/24,21279.53233,20706.90698
2022/6/23,21075.1688,20773.86368
2022/6/22,19976.05359,20628.8073
2022/6/21,20739.94339,20649.01386
2022/6/20,20672.8011,20653.33881
2022/6/19,20554.9027,20635.44134
2022/6/18,19007.5031,20339.45257
2022/6/17,20468.2145,20362.86383
2022/6/16,20383.6889,20366.6502
2022/6/15,22490.59073,20752.82121
2022/6/14,22209.515,21017.67463
2022/6/13,22509.0994,21288.84277
2022/6/12,26704.72936,22273.54942
2022/6/11,28399.9749,23387.44496
2022/6/10,29082.53195,24422.91532
2022/6/9,30111.70675,25457.24104
2022/6/8,30204.54858,26320.38786
2022/6/7,31193.0692,27206.32992
2022/6/6,31367.4226,27962.89223
2022/6/5,29909.21037,28316.76826
2022/6/4,29840.07522,28593.73316
2022/6/3,29717.55805,28798.06496
2022/6/2,30441.46505,29096.86497
2022/6/1,29789.42113,29222.78427
2022/5/31,31852.83438,29700.9752
2022/5/30,31720.0295,30068.07598
2022/5/29,29445.7241,29954.9211
2022/5/28,29047.06027,29789.85549
2022/5/27,28606.47447,29574.69531
2022/5/26,29353.61926,29534.49966
2022/5/25,29557.53374,29538.68768
2022/5/24,29674.1123,29563.31033
2022/5/23,29114.08113,29481.6323
2022/5/22,30366.04222,29642.4341
2022/5/21,29449.98556,29607.44346
2022/5/20,29234.03291,29539.55063
2022/5/19,30376.33148,29691.6926
2022/5/18,28760.1539,29522.32193
2022/5/17,30452.62433,29691.46782
2022/5/16,29880.54816,29725.84606
2022/5/15,31333.76562,30018.19507
2022/5/14,30123.7756,30037.39153
2022/5/13,29250.004,29894.23016
2022/5/12,29130.0386,29755.28624
2022/5/11,28984.5358,29615.1498
2022/5/10,31024.7033,29871.43225
2022/5/9,30363.86562,29960.96559
2022/5/8,33933.54281,30683.25236
2022/5/7,35552.564,31568.58175
2022/5/6,36033.0634,32380.30569
2022/5/5,36568.7596,33141.84276
2022/5/4,39699.03396,34334.05934
2022/5/3,37732.29975,34951.92123
2022/5/2,38503.90959,35597.7373
2022/5/1,38467.094,36119.43852
2022/4/30,37660.45292,36399.62295
2022/4/29,38592.00442,36798.23777
2022/4/28,39749.9386,37334.91065
2022/4/27,39248.43928,37682.82494
2022/4/26,38026.74626,37745.35609
2022/4/25,40475.27521,38241.70502
2022/4/24,39479.99697,38466.84901
2022/4/23,39419.5301,38640.06376
2022/4/22,39757.5541,38843.24382
2022/4/21,40528.7777,39149.70452
2022/4/20,41363.50366,39552.21346
2022/4/19,41504.4185,39907.15983
2022/4/18,40826.6711,40074.3437
2022/4/17,39678.0001,40002.28122
2022/4/16,40386.5108,40072.14115
2022/4/15,40558.127,40160.50221
2022/4/14,39909.71687,40114.90488
2022/4/13,41160.0481,40304.93092
2022/4/12,40169.21512,40280.25532
2022/4/11,39456.93304,40130.56036
2022/4/10,42242.7841,40514.60104
2022/4/9,42788.71116,40928.07561
2022/4/8,42283.4292,41174.50353
2022/4/7,43480.17472,41593.71648
2022/4/6,43138.51947,41874.58975
2022/4/5,45573.53741,42547.12569
2022/4/4,46605.60297,43285.03065
2022/4/3,46430.69671,43856.96993
2022/4/2,45845.95756,44218.60405
2022/4/1,46231.00476,44584.49509
2022/3/31,45540.82639,44758.3735
2022/3/30,47100.45937,45184.2073
2022/3/29,47498.66565,45605.01791
2022/3/28,46888.22115,45838.32759
2022/3/27,46842.71955,46020.94431
2022/3/26,44533.21742,45750.44851
2022/3/25,44365.18255,45498.58197
2022/3/24,43948.89113,45216.82
2022/3/23,42925.97798,44800.30327
2022/3/22,42376.74422,44359.65617
2022/3/21,41051.83346,43758.23386
2022/3/20,41252.05199,43302.56443
2022/3/19,42166.22954,43095.95808
2022/3/18,41767.09817,42854.34719
2022/3/17,40958.22516,42509.59773
2022/3/16,41147.27989,42261.90358
2022/3/15,39302.01679,41723.74234
2022/3/14,39599.02437,41337.42998
2022/3/13,37824.35153,40698.68845
2022/3/12,38875.98605,40367.28801
2022/3/11,38770.04591,40076.88036
2022/3/10,39461.35102,39964.96593
2022/3/9,41955.06532,40326.80218
2022/3/8,38724.82009,40035.53271
2022/3/7,37991.87947,39663.9594
2022/3/6,38385.18525,39431.455
2022/3/5,39409.21247,39427.41091
2022/3/4,39120.0424,39371.52572
2022/3/3,42450.88343,39931.40894
2022/3/2,43938.47684,40659.96674
2022/3/1,44359.8712,41332.67664
2022/2/28,43181.1437,41668.76156
2022/2/27,37714.48389,40949.80199
2022/2/26,39033.5353,40601.38986
2022/2/25,39219.47676,40350.13293
2022/2/24,38296.16593,39976.68439
2022/2/23,37287.48634,39487.73929
2022/2/22,38302.8439,39272.30376
2022/2/21,37003.15356,38859.731
2022/2/20,38464.8528,38787.93496
2022/2/19,40112.55953,39028.77579
2022/2/18,39976.23595,39201.04128
2022/2/17,40491.0412,39435.58672
2022/2/16,43997.7116,40265.06397
2022/2/15,44602.5315,41053.69443
2022/2/14,42594.9419,41333.92124
2022/2/13,42235.5136,41497.84712
2022/2/12,42126.3511,41612.12057
2022/2/11,42377.6527,41751.30823
2022/2/10,43524.37792,42073.68454
2022/2/9,44283.9142,42475.54448
2022/2/8,44082.39258,42767.69868
2022/2/7,43905.99798,42974.66219
2022/2/6,42388.07234,42868.00949
2022/2/5,41360.0538,42593.83573
2022/2/4,41653.56036,42422.87657
2022/2/3,37027.78,41441.94992
2022/2/2,36835.9015,40604.48657
2022/2/1,38761.9683,40269.48325
2022/1/31,38472.00624,39942.66925
2022/1/30,37937.339,39578.06375
2022/1/29,38131.8236,39315.11099
2022/1/28,37784.7229,39036.85861
2022/1/27,37201.84235,38703.21929
2022/1/26,36775.5295,38352.73024
2022/1/25,36948.63103,38097.43947
2022/1/24,36705.9179,37844.43555
2022/1/23,36231.1426,37551.10956
2022/1/22,35015.93463,37090.16866
2022/1/21,36400.668,36964.80491
2022/1/20,40673.94412,37639.19385
2022/1/19,41676.49878,38373.24929
2022/1/18,42352.1359,39096.68322
2022/1/17,42199.00911,39660.74247
2022/1/16,43104.67713,40286.91241
2022/1/15,43145.30763,40806.62063
2022/1/14,43068.72658,41217.91262
2022/1/13,42580.3303,41465.62493
2022/1/12,43900.027,41908.24349
2022/1/11,42674.2972,42047.52598
2022/1/10,41786.2184,42000.01551
2022/1/9,41880.90095,41978.35832
2022/1/8,41752.93,41937.37135
2022/1/7,41512.9242,41860.19914
2022/1/6,43119.06386,42089.08364
2022/1/5,43529.7281,42351.01899
2022/1/4,45884.45966,42993.46275
2022/1/3,46424.346,43617.25971
2022/1/2,47313.6322,44289.32743
2022/1/1,47544.4994,44881.17688
2021/12/31,46304.94959,45140.04465
2021/12/30,47161.0092,45507.49275
2021/12/29,46408.30267,45671.27637
2021/12/28,47637.8884,46028.84219
2021/12/27,50650.17144,46869.08388
2021/12/26,50799.97886,47583.79205
2021/12/25,50629.98124,48137.64463
2021/12/24,50771.9277,48616.60519
2021/12/23,50795.70373,49012.80493
2021/12/22,48648.50605,48946.56877
2021/12/21,48938.9095,48945.17617
2021/12/20,46878.42809,48569.40379
2021/12/19,46686.4963,48227.05698
2021/12/18,46871.01844,47980.50452
2021/12/17,46305.32715,47675.92681
2021/12/16,47709.1644,47681.97001
2021/12/15,48787.2417,47882.9285
2021/12/14,48395.29567,47976.08617
2021/12/13,46745.6254,47752.36603
2021/12/12,50116.99176,48182.29798
2021/12/11,49286.36663,48383.03773
2021/12/10,47092.3307,48148.36373
2021/12/9,47834.99429,48091.38747
2021/12/8,50471.21696,48524.08374
2021/12/7,50559.94761,48894.24081
2021/12/6,50453.04698,49177.66011
2021/12/5,49217.9124,49184.97871
2021/12/4,49014.11288,49153.91219
2021/12/3,53708.6772,49982.05129
2021/12/2,56405.66892,51149.98176
2021/12/1,57173.0795,52245.09044
2021/11/30,57030.12565,53115.09685
2021/11/29,57876.49424,53980.80546
2021/11/28,57158.66834,54558.59871
2021/11/27,54487.45022,54545.66262
2021/11/26,53663.60159,54385.28789
2021/11/25,58907.05076,55207.42659
2021/11/24,57103.4606,55552.16005
2021/11/23,57672.52894,55937.68167
2021/11/22,56369.5245,56016.19855
2021/11/21,58681.09231,56500.72468
2021/11/20,59815.37361,57103.38813
2021/11/19,58046.88915,57274.93377
2021/11/18,56749.2716,57179.35883
2021/11/17,60338.9249,57753.82539
2021/11/16,60189.9985,58196.76595
2021/11/15,63715.76978,59200.22119
2021/11/14,65255.04686,60301.09859
2021/11/13,64471.04362,61059.27041
2021/11/12,64315.36364,61651.28736
2021/11/11,64800.36102,62223.84621
2021/11/10,64871.25216,62705.19274
2021/11/9,66913.3364,63470.30977
2021/11/8,67500.02474,64202.98522
2021/11/7,63180.13308,64017.0121
2021/11/6,61416.30848,63544.1569
2021/11/5,61026.01799,63086.31346
2021/11/4,61367.93383,62773.8808
2021/11/3,62941.48199,62804.35375
2021/11/2,63175.51239,62871.83713
2021/11/1,61065.03107,62543.32694
2021/10/31,61339.97564,62324.5358
2021/10/30,61661.28735,62203.94517
2021/10/29,62220.29366,62206.91762
2021/10/28,60438.74647,61885.43196
2021/10/27,58681.0152,61302.81073
2021/10/26,60396.4959,61138.02622
2021/10/25,62989.5447,61474.66594
2021/10/24,60849.6164,61361.02057
2021/10/23,61238.6222,61338.76632
2021/10/22,60694.00001,61221.53608
2021/10/21,62298.09301,61417.2737
2021/10/20,65986.30294,62248.00629
2021/10/19,64217.0839,62606.0204
2021/10/18,61953.2331,62487.3318
2021/10/17,61582.25155,62322.77176
2021/10/16,60860.89184,62056.97541
2021/10/15,61526.33413,61960.49518
2021/10/14,57351.73842,61122.5394
2021/10/13,57357.6067,60438.00618
2021/10/12,56035.85825,59637.61565
2021/10/11,57399.22647,59230.6358
2021/10/10,54689.5713,58404.98771
2021/10/9,55102.17221,57804.4758
2021/10/8,53892.9323,57093.28607
2021/10/7,53809.13817,56496.16827
2021/10/6,55385.44519,56294.21862
2021/10/5,51545.04937,55430.7333
2021/10/4,49176.7613,54293.64748
2021/10/3,48144.1454,53175.5562
2021/10/2,47710.5155,52181.91243
2021/10/1,48080.37284,51436.17796
2021/9/30,43797.5922,50047.34419
2021/9/29,41543.6399,48501.21613
2021/9/28,40909.3105,47120.86966
2021/9/27,42278.30996,46240.40426
2021/9/26,43209.8655,45689.39721
2021/9/25,42718.93784,45149.31369
2021/9/24,42748.0353,44712.71762
2021/9/23,44844.228,44736.6286
2021/9/22,43579.97298,44526.32757
2021/9/21,40538.4344,43801.25609
2021/9/20,42966.0101,43649.39318
2021/9/19,47201.5018,44295.23111
2021/9/18,48210.7774,45007.14862
2021/9/17,47197.5518,45405.40374
2021/9/16,47816.2504,45843.7395
2021/9/15,48092.9703,46252.69055
2021/9/14,47012.9104,46390.91234
2021/9/13,44990.02141,46136.2049
2021/9/12,46058.0015,46121.9861
2021/9/11,45096.0509,45935.45243
2021/9/10,44833.0831,45735.02164
2021/9/9,46319.9526,45841.37272
2021/9/8,45972.9463,45865.29519
2021/9/7,46881.9971,46050.15009
2021/9/6,52639.2443,47248.16722
2021/9/5,51698.7267,48057.35985
2021/9/4,49974.09728,48405.85756
2021/9/3,49987.63657,48693.45375
2021/9/2,49318.558,48807.10906
2021/9/1,48744.6322,48795.74963
2021/8/31,47225.2696,48510.20781
2021/8/30,47020.6765,48239.38394
2021/8/29,48876.7643,48355.27127
2021/8/28,48864.0249,48447.77193
2021/8/27,49005.9495,48549.25876
2021/8/26,47130.6185,48291.32417
2021/8/25,48939.9658,48409.25901
2021/8/24,47734.0314,48286.49036
2021/8/23,49486.4032,48504.65633
2021/8/22,49223.94712,48635.43647
2021/8/21,49000.4242,48701.79788
2021/8/20,49270.61315,48805.21883
2021/8/19,46666.8683,48416.42783
2021/8/18,44856.0324,47769.08321
2021/8/17,44569.5598,47187.35168
2021/8/16,45906.7425,46954.51364
2021/8/15,47057.4919,46973.23696
2021/8/14,47053.5097,46987.83201
2021/8/13,47799.97212,47135.49385
2021/8/12,44434.3365,46644.37433
2021/8/11,45670.172,46467.24663
2021/8/10,45543.91666,46299.36846
2021/8/9,46265.47428,46293.20588
2021/8/8,43780.2388,45836.30277
2021/8/7,44665.77153,45623.47891
2021/8/6,42792.7879,45108.80782
2021/8/5,40849.95098,44334.47021
2021/8/4,39772.4717,43505.01594
2021/8/3,38255.05,42550.47668
2021/8/2,39153.01029,41932.75552
2021/8/1,40120.70072,41603.29101
2021/7/31,41700.99674,41621.05569
2021/7/30,42094.78,41707.18738
2021/7/29,39993.53,41395.61331
2021/7/28,39999.97,41141.85998
2021/7/27,39184.61,40785.99635
2021/7/26,37211.42,40136.07338
2021/7/25,35227.35,39243.57822
2021/7/24,34211.77,38328.704
2021/7/23,33506.09382,37451.86578
2021/7/22,32338.55,36522.172
2021/7/21,32142.94,35725.948
2021/7/20,29759.93,34641.21746
2021/7/19,30851.95,33952.25974
2021/7/18,31813,33563.30342
2021/7/17,31570.17,33200.91553
2021/7/16,31385.55,32870.84907
2021/7/15,31641.44705,32647.32143
2021/7/14,32776.13963,32670.74292
2021/7/13,32567.57251,32651.98466
2021/7/12,33219.352,32755.14236
2021/7/11,34249.77404,33026.89357
2021/7/10,33548.81733,33121.7888
2021/7/9,33866.19638,33257.13563
2021/7/8,32837.96027,33180.92193
2021/7/7,33867.46512,33305.74797
2021/7/6,34106.80638,33451.39495
2021/7/5,33866.54475,33526.87673
2021/7/4,35312.38754,33851.51506
2021/7/3,34698.30313,34005.47653
2021/7/2,33846.00709,33976.48209
2021/7/1,33628.67,33913.24352
2021/6/30,35060.42897,34121.8227
2021/6/29,35840.38647,34434.28884
2021/6/28,34439.12,34435.16723
2021/6/27,34579.03,34461.3241
2021/6/26,31858.58,33988.0979
2021/6/25,31708.50893,33573.62718
2021/6/24,34580.35118,33756.6679
2021/6/23,33646.15,33736.57374
2021/6/22,32366.97,33487.55488
2021/6/21,31606.39,33145.5249
2021/6/20,35648.51716,33600.6144
2021/6/19,35635.38,33970.57178
2021/6/18,35577.47,34262.7351
2021/6/17,38082.08,34957.16144
2021/6/16,38290.04332,35563.13996
2021/6/15,40204.51,36407.02543
2021/6/14,40499.97,37151.19717
2021/6/13,38990,37485.52495
2021/6/12,35538.3,37131.48405
2021/6/11,37200.35,37144.00513
2021/6/10,36870.06,37094.19693
2021/6/9,37345.04492,37139.80565
2021/6/8,33369.13806,36454.22973
2021/6/7,33550.00408,35926.1887
2021/6/6,35781.01,35899.79257
2021/6/5,35510.26,35828.96847
2021/6/4,36908.14,36025.18148
2021/6/3,39152.71,36593.82303
2021/6/2,37622.43,36780.84248
2021/6/1,36606.39,36749.12384
2021/5/31,37303.75009,36849.96498
2021/5/30,35618.15758,36626
2021/5/29,34523.41,36243.71091
2021/5/28,35670.7,36139.52711
2021/5/27,38479.69228,36565.01168
2021/5/26,39184.76165,37041.32986
2021/5/25,38165.78818,37245.77683
2021/5/24,38619.3971,37495.52597
2021/5/23,34834.68224,37011.7362
2021/5/22,37555,37110.51144
2021/5/21,37242.9427,37134.58985
2021/5/20,40389.77811,37726.44226
2021/5/19,36974.61474,37589.74635
2021/5/18,43019.7743,38577.02416
2021/5/17,43590.92217,39488.64198
2021/5/16,46395.05,40744.35253
2021/5/15,46786.61,41842.94479
2021/5/14,49884.92,43305.1221
2021/5/13,49655.62103,44459.75827
2021/5/12,50482.43448,45554.79031
2021/5/11,56721.83384,47585.16186
2021/5/10,55772.28125,49073.72902
2021/5/9,58169.72762,50727.54695
2021/5/8,58711.17203,52179.11515
2021/5/7,57339.55,53117.37603
2021/5/6,56484.49,53729.57857
2021/5/5,57338.36,54385.72065
2021/5/4,53329.38764,54193.6601
2021/5/3,57211.40864,54742.34165
2021/5/2,56563.76,55073.50863
2021/5/1,57793.51887,55568.05594
2021/4/30,57758.64693,55966.34521
2021/4/29,53610.42906,55537.99682
2021/4/28,54766.5393,55397.73182
2021/4/27,54924.0147,55311.60143
2021/4/26,53954.40657,55064.83873
2021/4/25,48987.68164,53959.90108
2021/4/24,50007.71595,53241.32196
2021/4/23,51020.04115,52837.45272
2021/4/22,51843.6798,52656.76674
2021/4/21,53889.33,52880.86915
2021/4/20,56363.62,53514.09658
2021/4/19,55653.24487,53903.03263
2021/4/18,56037.12872,54291.0501
2021/4/17,60078.27,55343.2719
2021/4/16,61504.76862,56463.54403
2021/4/15,63183.14,57685.28875
2021/4/14,62628.97594,58584.14097
2021/4/13,63528.48,59483.1117
2021/4/12,59940.53,59566.27867
2021/4/11,60018.28649,59648.46191
2021/4/10,59747.4368,59666.45734
2021/4/9,58159.44,59392.45419
2021/4/8,58019.88,59142.89525
2021/4/7,56073.47156,58584.81821
2021/4/6,58093.23833,58495.44005
2021/4/5,58777.73936,58546.7672
2021/4/4,58215.19,58486.48043
2021/4/3,57139.13796,58241.50908
2021/4/2,58963.3276,58372.74881
2021/4/1,58755.61518,58442.36088
2021/3/31,58719.45437,58492.74151
2021/3/30,58693.94856,58529.32461
2021/3/29,57664.85097,58372.14758
2021/3/28,55861.95,57915.74802
2021/3/27,55917.88011,57552.49931
2021/3/26,55002.76979,57088.91213
2021/3/25,51412.19201,56056.7812
2021/3/24,52584.7854,55425.50923
2021/3/23,54599.96181,55275.4097
2021/3/22,54249.99078,55088.9699
2021/3/21,57392.2057,55507.74004
2021/3/20,58219.82,56000.84549
2021/3/19,58091.62367,56380.98698
2021/3/18,57687.52056,56618.53854
2021/3/17,58711.97874,56999.16403
2021/3/16,56455.99844,56900.40665
2021/3/15,55723.94916,56686.50529
2021/3/14,59380.01894,57176.23504
2021/3/13,61297.99739,57925.64638
2021/3/12,57278.15502,57807.92068
2021/3/11,57633.69981,57776.24416
2021/3/10,55998.73927,57453.06145
2021/3/9,54759.46169,56963.31604
2021/3/8,52326.86244,56120.32448
2021/3/7,51409.22675,55263.76125
2021/3/6,48884.80043,54103.95019
2021/3/5,48901.91568,53158.12574
2021/3/4,48523.77958,52315.51734
2021/3/3,50593.57978,52002.43779
2021/3/2,48245.59608,51319.37566
2021/3/1,49557.93686,50999.11406
2021/2/28,44986.74483,49905.95602
2021/2/27,46202.31375,49232.56651
2021/2/26,46205.25772,48682.14673
2021/2/25,47372.37799,48444.00696
2021/2/24,49577.66705,48650.12698
2021/2/23,48514.38215,48625.4461
2021/2/22,54153.65519,49630.57503
2021/2/21,57367.94614,51037.36977
2021/2/20,56008.78744,51941.26389
2021/2/19,55795.15505,52641.97138
2021/2/18,51656.84687,52462.85783
2021/2/17,52127.62093,52401.90567
2021/2/16,49261.05077,51830.84114
2021/2/15,47981.97749,51131.04775
2021/2/14,48673.32971,50684.18992
2021/2/13,47056.76956,50024.65895
2021/2/12,47622.56892,49587.91531
2021/2/11,47680.42444,49241.09879
2021/2/10,44866.50228,48445.7176
2021/2/9,46511.52058,48094.04542
2021/2/8,46225.49641,47754.30923
2021/2/7,38888.63824,46142.36905
2021/2/6,39191.50755,44878.57605
2021/2/5,37945.96447,43618.10122
2021/2/4,36938.03487,42403.5437
2021/2/3,37551.93435,41521.43291
2021/2/2,35507.12771,40427.92287
2021/2/1,33513.4412,39170.74439
2021/1/31,33136.13947,38073.54349
2021/1/30,34333.10794,37393.4643
2021/1/29,34241.18685,36820.32295
2021/1/28,33117.57284,36147.09565
2021/1/27,30305.34378,35084.95895
2021/1/26,32577.7687,34629.10618
2021/1/25,32272.78384,34200.68393
2021/1/24,32261.74435,33848.14946
2021/1/23,32045.83959,33520.45676
2021/1/22,32836.13558,33396.03473
2021/1/21,30892.80236,32940.90157
2021/1/20,35636.11099,33430.93965
2021/1/19,36177.48749,33930.31198
2021/1/18,36714.8432,34436.59038
2021/1/17,35786.41703,34682.01341
2021/1/16,36178.18021,34954.04374
2021/1/15,36678.9504,35267.66313
2021/1/14,39304.68621,36001.66733
2021/1/13,37359.33216,36248.51548
2021/1/12,33949.39683,35830.49391
2021/1/11,35569.7227,35783.08096
2021/1/10,38299.0196,36240.52435
2021/1/9,40129.0005,36947.52001
2021/1/8,40703.29054,37630.38738
2021/1/7,39493.12851,37969.06759
2021/1/6,36904.21825,37775.45862
2021/1/5,33965.16042,37082.67713
2021/1/4,31973.83215,36153.79622
2021/1/3,32877.60728,35558.1255
2021/1/2,32093.26496,34928.15086
2021/1/1,29300.19094,33904.88542
2020/12/31,28977.96182,33009.08113
2020/12/30,28810.02049,32245.61556
2020/12/29,27392.54055,31363.23828
2020/12/28,27147.36675,30596.71619
2020/12/27,26326.48184,29820.30994
2020/12/26,26446.97357,29206.97606
2020/12/25,24652.03652,28378.80523
2020/12/24,23733.03049,27534.11891
2020/12/23,23261.7852,26757.33097
2020/12/22,23801.64017,26219.93264
2020/12/21,22882.15792,25613.06451
2020/12/20,23516.40283,25231.85329
2020/12/19,23844.56807,24979.61962
2020/12/18,23113.99259,24640.4147
2020/12/17,22823.45909,24310.05914
2020/12/16,21367.09631,23774.97499
2020/12/15,19434.07031,22985.71959
2020/12/14,19270.74681,22310.26999
2020/12/13,19169.33845,21739.19153
2020/12/12,18804.79471,21205.66484
2020/12/11,18062.11899,20634.11105
2020/12/10,18261.87845,20202.79603
2020/12/9,18569.9877,19905.92179
2020/12/8,18325.0542,19618.49132
2020/12/7,19190.03778,19540.59067
2020/12/6,19336.69255,19503.51829
2020/12/5,19127.65682,19435.17984
2020/12/4,18737.19266,19308.27308
2020/12/3,19427.95496,19330.03342
2020/12/2,19201.27613,19306.623
2020/12/1,18855.04374,19224.51768
2020/11/30,19721.87473,19314.94624
2020/11/29,18162.12347,19105.3421
2020/11/28,17707.71579,18851.22822
2020/11/27,17076.84202,18528.61255
2020/11/26,17072.81034,18263.92124
2020/11/25,18770.2021,18355.97231
2020/11/24,19121.51141,18495.16123
2020/11/23,18374.45258,18473.21421
2020/11/22,18413.52697,18462.36198
2020/11/21,18709.05738,18507.21569
2020/11/20,18641.28503,18531.59193
2020/11/19,17806.27692,18399.71648
2020/11/18,17827.83915,18295.73878
2020/11/17,17683.75928,18184.46978
2020/11/16,16725.11073,17919.13177
2020/11/15,15961.34579,17563.17068
2020/11/14,16083.58805,17294.15566
2020/11/13,16316.13726,17116.33413
2020/11/12,16279.27054,16964.14075
2020/11/11,15687.48025,16732.02066
2020/11/10,15280.16349,16468.04663
2020/11/9,15326.15685,16260.43031
2020/11/8,15499.08129,16122.00321
2020/11/7,14821.98325,15885.63595
2020/11/6,15547.05255,15824.07533
2020/11/5,15558.52541,15775.79353
2020/11/4,14132.96094,15477.09669
2020/11/3,13973.24888,15203.66982
2020/11/2,13576.96848,14907.90594
2020/11/1,13735.00686,14694.65156
2020/10/31,13795.52655,14531.17429
2020/10/30,13568.83725,14356.20392
2020/10/29,13443.53152,14190.26348
2020/10/28,13275.48126,14023.93944
2020/10/27,13651.54051,13956.23054
2020/10/26,13065.53603,13794.28609
2020/10/25,13020.81172,13653.65438
2020/10/24,13117.17473,13556.11263
2020/10/23,12929.02218,13442.09618
2020/10/22,12958.53719,13354.17637
2020/10/21,12808.79595,13255.01629
2020/10/20,11910.24211,13010.51189
2020/10/19,11748.37678,12781.03278
2020/10/18,11490.01581,12546.30242
2020/10/17,11368.48474,12332.15375
2020/10/16,11312.66278,12146.79176
2020/10/15,11492.6159,12027.85069
2020/10/14,11426.36748,11918.49011
2020/10/13,11423.48002,11828.48827
2020/10/12,11544.13764,11776.78816
2020/10/11,11376.43511,11703.9967
2020/10/10,11294.99419,11629.6326
2020/10/9,11066.19087,11527.18865
2020/10/8,10898.55184,11412.89105
2020/10/7,10665.25226,11276.95672
2020/10/6,10604.44685,11154.6822
2020/10/5,10784.67082,11087.40741
2020/10/4,10665.69855,11010.73307
2020/10/3,10541.32189,10925.38558
2020/10/2,10566.49438,10860.13264
2020/10/1,10614.30333,10815.4364
2020/9/30,10766.81409,10806.59598
2020/9/29,10839.96268,10812.66265
2020/9/28,10702.47283,10792.62814
2020/9/27,10766.52245,10787.88165
2020/9/26,10739.74258,10779.12909
2020/9/25,10683.39523,10761.72293
2020/9/24,10731.5324,10756.23375
2020/9/23,10231.05131,10660.74603
2020/9/22,10531.35154,10637.21976
2020/9/21,10427.87773,10599.15757
2020/9/20,10914.68741,10656.52663
2020/9/19,11076.85089,10732.94923
2020/9/18,10916.97092,10766.40772
2020/9/17,10934.41967,10796.95534
2020/9/16,10946.92123,10824.22187
2020/9/15,10782.9998,10816.72695
2020/9/14,10665.11372,10789.16091
2020/9/13,10315.66641,10703.071
2020/9/12,10438.37739,10654.94489
2020/9/11,10374.77815,10604.00548
2020/9/10,10334.63865,10555.02969
2020/9/9,10214.15437,10493.05236
2020/9/8,10112.20637,10423.80764
2020/9/7,10356.44438,10411.55977
2020/9/6,10257.22974,10383.49977
2020/9/5,10129.78665,10337.37011
2020/9/4,10473.51945,10362.12453
2020/9/3,10215.66996,10335.49643
2020/9/2,11399.14897,10528.8878
2020/9/1,11921.75492,10782.13637
2020/8/31,11655.9987,10941.02043
2020/8/30,11697.79437,11078.61569
2020/8/29,11485.10157,11152.52221
2020/8/28,11496.83022,11215.12367
2020/8/27,11311.2402,11232.5994
2020/8/26,11463.56797,11274.59369
2020/8/25,11361.55482,11290.4048
2020/8/24,11763.76171,11376.46969
2020/8/23,11653.40729,11426.82198
2020/8/22,11681.15793,11473.06488
2020/8/21,11530.91923,11483.58386
2020/8/20,11866.59519,11553.22228
2020/8/19,11732.40557,11585.80106
2020/8/18,11961.9946,11654.19989
2020/8/17,12285.93663,11769.06111
2020/8/16,11892.68092,11791.53744
2020/8/15,11865.38305,11804.96392
2020/8/14,11742.87637,11793.67527
2020/8/13,11763.00914,11788.09961
2020/8/12,11576.81427,11749.68409
2020/8/11,11395.40582,11685.26986
2020/8/10,11867.86649,11718.46925
2020/8/9,11648.08317,11705.67178
2020/8/8,11728.58523,11709.83786
2020/8/7,11583.15927,11686.80539
2020/8/6,11780.28537,11703.80175
2020/8/5,11732.92795,11709.09742
2020/8/4,11194.55461,11615.54418
2020/8/3,11246.25548,11548.40078
2020/8/2,11073.60766,11462.07476
2020/8/1,11800.38987,11523.5866
2020/7/31,11334.58547,11489.22276
2020/7/30,11109.23106,11420.13336
2020/7/29,11073.29788,11357.07236
2020/7/28,10895.73396,11273.19265
2020/7/27,10996.5366,11222.89155
2020/7/26,9917.359474,10985.52208
2020/7/25,9686.120716,10749.26729
2020/7/24,9545.046629,10530.31808
2020/7/23,9592.963304,10359.88994
2020/7/22,9518.901022,10206.98286
2020/7/21,9385.174346,10057.56313
2020/7/20,9164.069789,9895.109797
2020/7/19,9207.816996,9770.147469
2020/7/18,9170.802681,9661.17569
2020/7/17,9155.773355,9569.284356
2020/7/16,9137.239203,9490.730692
2020/7/15,9206.764838,9439.100537
2020/7/14,9254.204474,9405.483071
2020/7/13,9247.107825,9376.687571
2020/7/12,9286.726085,9360.330938
2020/7/11,9231.3201,9336.874422
2020/7/10,9278.447734,9326.251388
2020/7/9,9240.366176,9310.635895
2020/7/8,9420.350155,9330.583942
2020/7/7,9252.35518,9316.360531
2020/7/6,9342.540316,9321.120492
2020/7/5,9072.772592,9275.966328
2020/7/4,9127.518467,9248.975808
2020/7/3,9065.577985,9215.630749
2020/7/2,9084.054479,9191.707791
2020/7/1,9225.668161,9197.882404
2020/6/30,9145.560607,9188.36935
2020/6/29,9180.159026,9186.876564
2020/6/28,9118.117533,9174.374922
2020/6/27,9014.224272,9145.256622
2020/6/26,9165.503578,9148.937887
2020/6/25,9254.748296,9168.176143
2020/6/24,9289.303605,9190.199318
2020/6/23,9614.943606,9267.425552
2020/6/22,9685.845287,9343.501867
2020/6/21,9289.8938,9333.754946
2020/6/20,9348.977142,9336.522618
2020/6/19,9305.901805,9330.955198
2020/6/18,9401.552893,9343.791142
2020/6/17,9463.405493,9365.539206
2020/6/16,9520.484681,9393.71111
2020/6/15,9421.65218,9398.791305
2020/6/14,9352.845602,9390.437541
2020/6/13,9463.820529,9403.779902
2020/6/12,9460.375485,9414.070008
2020/6/11,9314.37816,9395.944218
2020/6/10,9864.561413,9481.147344
2020/6/9,9769.869088,9533.642207
2020/6/8,9773.301577,9577.216638
2020/6/7,9742.573822,9607.28158
2020/6/6,9662.323105,9617.28913
2020/6/5,9641.917175,9621.766956
2020/6/4,9803.990306,9654.898475
2020/6/3,9652.629014,9654.485845
2020/6/2,9538.727853,9633.438938
2020/6/1,10177.77035,9732.408285
2020/5/31,9449.860914,9681.036036
2020/5/30,9693.552427,9683.311743
2020/5/29,9418.13384,9635.097579
2020/5/28,9536.159369,9617.108814
2020/5/27,9165.144674,9534.933516
2020/5/26,8850.3542,9410.464549
2020/5/25,8897.213209,9317.146124
2020/5/24,8791.793685,9221.627498
2020/5/23,9180.527997,9214.154862
2020/5/22,9160.70542,9204.436781
2020/5/21,9073.693079,9180.665199
2020/5/20,9524.434064,9243.168629
2020/5/19,9761.178765,9337.35229
2020/5/18,9733.739137,9409.422626
2020/5/17,9667.578397,9456.360039
2020/5/16,9380.484219,9442.564435
2020/5/15,9293.972171,9415.54766
2020/5/14,9772.561576,9480.459281
2020/5/13,9302.896541,9448.175147
2020/5/12,8792.063768,9328.882169
2020/5/11,8593.856494,9195.241137
2020/5/10,8745.152545,9113.406847
2020/5/9,9570.005988,9196.424873
2020/5/8,9822.885629,9310.326829
2020/5/7,9968.105282,9429.922911
2020/5/6,9198.252701,9387.801055
2020/5/5,8967.997704,9311.473173
2020/5/4,8883.306781,9233.624738
2020/5/3,8894.362675,9171.940726
2020/5/2,8974.922892,9136.119302
2020/5/1,8832.981251,9081.003293
2020/4/30,8607.329832,8994.880845
2020/4/29,8759.78919,8952.136908
2020/4/28,7754.222426,8734.334275
2020/4/27,7766.689761,8558.398909
2020/4/26,7665.828318,8396.113347
2020/4/25,7535.263897,8239.595265
2020/4/24,7497.353393,8104.642197
2020/4/23,7464.891127,7988.323821
2020/4/22,7106.551177,7828.001522
2020/4/21,6851.005362,7650.365857
2020/4/20,6856.785953,7506.078601
2020/4/19,7133.148679,7438.273161
2020/4/18,7233.157423,7400.97939
2020/4/17,7034.540358,7334.354112
2020/4/16,7088.799492,7289.707817
2020/4/15,6637.791816,7171.177635
2020/4/14,6856.179094,7113.905173
2020/4/13,6837.42254,7063.635604
2020/4/12,6977.230636,7047.925609
2020/4/11,6869.586552,7015.500326
2020/4/10,6859.833737,6987.19731
2020/4/9,7293.58436,7042.904046
2020/4/8,7352.328771,7099.163087
2020/4/7,7198.770192,7117.27347
2020/4/6,7279.161792,7146.70771
2020/4/5,6789.732165,7081.803066
2020/4/4,6847.730055,7039.244336
2020/4/3,6733.747735,6983.6995
2020/4/2,6807.465142,6951.656889
2020/4/1,6598.287015,6887.407821
2020/3/31,6431.262413,6804.472292
2020/3/30,6424.078447,6735.309775
2020/3/29,5917.297073,6586.580193
2020/3/28,6239.838832,6523.536309
2020/3/27,6377.749564,6497.029628
2020/3/26,6736.291779,6540.531837
2020/3/25,6681.336594,6566.132702
2020/3/24,6736.044984,6597.025844
2020/3/23,6467.459038,6573.468243
2020/3/22,5843.158786,6440.684706
2020/3/21,6149.798351,6387.796277
2020/3/20,6192.309975,6352.253313
2020/3/19,6160.004718,6317.299023
2020/3/18,5365.581534,6144.25948
2020/3/17,5362.320407,6002.088739
2020/3/16,5022.578106,5823.995897
2020/3/15,5381.745247,5743.586688
2020/3/14,5212.979298,5647.112617
2020/3/13,5518.647281,5623.755283
2020/3/12,4724.392684,5460.234811
2020/3/11,7931.347543,5909.528035
2020/3/10,7900.821326,6271.58136
2020/3/9,7915.672115,6570.506952
2020/3/8,8042.736084,6838.184976
2020/3/7,8898.942078,7212.868086
2020/3/6,9129.266628,7561.304184
2020/3/5,9051.139212,7832.18328
2020/3/4,8749.500222,7998.968179
2020/3/3,8772.476037,8139.605971
2020/3/2,8900.06855,8277.871895
2020/3/1,8557.504358,8328.714161
2020/2/29,8569.467785,8372.487547
2020/2/28,8731.610771,8437.782679
2020/2/27,8775.595016,8499.203104
2020/2/26,8829.543593,8559.265011
2020/2/25,9358.38862,8704.560212
2020/2/24,9664.370232,8879.071125
2020/2/23,9923.65932,9068.996251
2020/2/22,9667.521623,9177.819046
2020/2/21,9683.453206,9269.75253
2020/2/20,9612.392632,9332.05073
2020/2/19,9621.766806,9384.72638
2020/2/18,10144.8965,9522.939129
2020/2/17,9711.996028,9557.313111
2020/2/16,9969.23568,9632.208124
2020/2/15,9903.077897,9681.457173
2020/2/14,10327.51233,9798.921747
2020/2/13,10225.41526,9876.466022
2020/2/12,10327.55459,9958.482125
2020/2/11,10229.7009,10007.79463
2020/2/10,9869.436912,9982.638681
2020/2/9,10128.75028,10009.20443
2020/2/8,9899.911944,9989.333066
2020/2/7,9820.295542,9958.598971
2020/2/6,9754.078412,9921.413415
2020/2/5,9602.309743,9863.394565
2020/2/4,9187.070016,9740.426465
2020/2/3,9302.362658,9660.7785
2020/2/2,9339.574889,9602.377844
2020/2/1,9386.105652,9563.055627
2020/1/31,9336.132885,9521.796947
2020/1/30,9503.268,9518.428047
2020/1/29,9304.918064,9479.60805
2020/1/28,9334.836393,9453.285931
2020/1/27,8895.603628,9351.889148
2020/1/26,8591.002876,9213.54619
2020/1/25,8366.208771,9059.484841
2020/1/24,8440.287026,8946.90342
2020/1/23,8391.607957,8845.940609
2020/1/22,8672.801079,8814.460694
2020/1/21,8747.38185,8802.264541
2020/1/20,8639.19622,8772.615755
2020/1/19,8697.342225,8758.929659
2020/1/18,8929.544857,8789.950604
2020/1/17,8921.648281,8813.895636
2020/1/16,8722.037088,8797.194082
2020/1/15,8807.632434,8799.091964
2020/1/14,8838.564862,8806.268855
2020/1/13,8116.96951,8680.941701
2020/1/12,8164.590608,8587.059684
2020/1/11,8024.791559,8484.829116
2020/1/10,8160.413567,8425.844471
2020/1/9,7829.06324,8317.338792
2020/1/8,8055.759827,8269.77898
2020/1/7,8155.216395,8248.949419
2020/1/6,7764.21795,8160.816425
2020/1/5,7352.362745,8013.824847
2020/1/4,7358.491964,7894.673414
2020/1/3,7317.184074,7789.675352
2020/1/2,6968.274896,7640.329814
2020/1/1,7213.918462,7562.800478
2019/12/31,7202.624251,7497.313891
2019/12/30,7245.988923,7451.618442
2019/12/29,7386.37606,7439.756191
2019/12/28,7312.04457,7416.535896
2019/12/27,7246.422425,7385.606174
2019/12/26,7211.341194,7353.921632
2019/12/25,7205.380688,7326.914188
2019/12/24,7240.620333,7311.224396
2019/12/23,7329.609334,7314.567112
2019/12/22,7482.961456,7345.184266
2019/12/21,7138.888884,7307.676014
2019/12/20,7185.155244,7285.399511
2019/12/19,7150.376098,7260.849799
2019/12/18,7275.754884,7263.559815
2019/12/17,6624.129258,7147.299713
2019/12/16,6902.888388,7102.861291
2019/12/15,7120.922418,7106.145132
2019/12/14,7078.955219,7101.201511
2019/12/13,7255.126877,7129.187942
2019/12/12,7202.460793,7142.510278
2019/12/11,7199.716155,7152.911347
2019/12/10,7233.814525,7167.621015
2019/12/9,7350.418118,7200.856852
2019/12/8,7516.676668,7258.278637
2019/12/7,7496.125958,7301.523604
2019/12/6,7532.610987,7343.539492
2019/12/5,7386.510063,7351.352323
2019/12/4,7216.456163,7326.825749
2019/12/3,7300.208311,7321.986215
2019/12/2,7315.108657,7320.73575
2019/12/1,7417.184162,7338.271825
2019/11/30,7548.613483,7376.515762
2019/11/29,7740.415549,7442.67936
2019/11/28,7442.795358,7442.700451
2019/11/27,7502.033156,7453.488215
2019/11/26,7169.264738,7401.811219
2019/11/25,7133.946458,7353.108535
2019/11/24,6932.313157,7276.600285
2019/11/23,7316.797515,7283.908872
2019/11/22,7290.351828,7285.080319
2019/11/21,7631.016803,7347.977861
2019/11/20,8097.187492,7484.197794
2019/11/19,8134.76958,7602.483573
2019/11/18,8211.789693,7713.266504
2019/11/17,8503.049435,7856.863401
2019/11/16,8497.411045,7973.326609
2019/11/15,8474.539002,8064.456135
2019/11/14,8662.422431,8173.17728
2019/11/13,8785.801623,8284.563524
2019/11/12,8801.603779,8378.570843
2019/11/11,8732.154123,8442.858712
2019/11/10,9043.004449,8551.976119
2019/11/9,8818.432264,8600.422691
2019/11/8,8791.640946,8635.189646
2019/11/7,9219.011987,8741.339163
2019/11/6,9329.520807,8848.28128
2019/11/5,9311.283797,8932.463556
2019/11/4,9389.905541,9015.634826
2019/11/3,9205.743201,9050.199985
2019/11/2,9290.257019,9093.846718
2019/11/1,9225.753942,9117.82985
2019/10/31,9154.923648,9124.574177
2019/10/30,9162.391745,9131.450098
2019/10/29,9411.885318,9182.43832
2019/10/28,9234.267439,9191.861796
2019/10/27,9544.094411,9255.90409
2019/10/26,9235.929531,9252.272352
2019/10/25,8651.13445,9142.974552
2019/10/24,7440.037915,8833.349709
2019/10/23,7469.521063,8585.380864
2019/10/22,8040.006229,8486.221839
2019/10/21,8212.771665,8436.503626
2019/10/20,8202.005473,8393.867598
2019/10/19,7950.124308,8313.187
2019/10/18,7955.464771,8248.146595
2019/10/17,8075.178241,8216.697803
2019/10/16,8008.809279,8178.89989
2019/10/15,8174.781558,8178.151102
2019/10/14,8347.201506,8208.887539
2019/10/13,8294.599727,8224.471573
2019/10/12,8314.921537,8240.917021
2019/10/11,8272.024051,8246.572845
2019/10/10,8556.950238,8303.005098
2019/10/9,8572.837276,8352.065494
2019/10/8,8189.796865,8322.562107
2019/10/7,8196.15196,8299.578444
2019/10/6,7876.455218,8222.646948
2019/10/5,8130.134393,8205.826484
2019/10/4,8155.655359,8196.704461
2019/10/3,8232.129998,8203.145468
2019/10/2,8361.919233,8232.013425
2019/10/1,8294.743597,8243.418911
2019/9/30,8269.028682,8248.075233
2019/9/29,8068.668738,8215.45587
2019/9/28,8208.595988,8214.208619
2019/9/27,8183.569872,8208.637938
2019/9/26,8077.936354,8184.874013
2019/9/25,8439.84619,8231.232591
2019/9/24,8588.424906,8296.176648
2019/9/23,9719.397019,8554.943988
2019/9/22,10050.18754,8826.806452
2019/9/21,10006.06533,9041.217157
2019/9/20,10179.86223,9248.243534
2019/9/19,10241.6088,9428.855401
2019/9/18,10164.1019,9562.536582
2019/9/17,10208.16582,9679.923716
2019/9/16,10268.65798,9786.96631
2019/9/15,10313.44353,9882.689441
2019/9/14,10353.5498,9968.300415
2019/9/13,10346.59919,10037.08201
2019/9/12,10387.51484,10100.79707
2019/9/11,10159.72047,10111.51042
2019/9/10,10132.5448,10115.33485
2019/9/9,10322.05761,10152.92081
2019/9/8,10410.18764,10199.69659
2019/9/7,10477.09484,10250.13264
2019/9/6,10339.45563,10266.37318
2019/9/5,10574.49954,10322.39616
2019/9/4,10578.32021,10368.9278
2019/9/3,10603.09546,10411.50374
2019/9/2,10329.85905,10396.65925
2019/9/1,9716.72191,10273.03428
2019/8/31,9609.787647,10152.44398
2019/8/30,9582.255358,10048.77332
2019/8/29,9493.755389,9947.860972
2019/8/28,9759.791528,9913.666528
2019/8/27,10219.41337,9969.256863
2019/8/26,10374.87662,10043.00591
2019/8/25,10118.39958,10056.71385
2019/8/24,10142.8394,10072.37304
2019/8/23,10385.50755,10129.30659
2019/8/22,10123.99448,10128.34075
2019/8/21,10136.96462,10129.90873
2019/8/20,10751.85732,10242.99029
2019/8/19,10890.2538,10360.67456
2019/8/18,10331.46711,10355.36412
2019/8/17,10220.07017,10330.76522
2019/8/16,10344.50799,10333.2639
2019/8/15,10296.60027,10326.59779
2019/8/14,10010.24994,10269.08
2019/8/13,10920.98031,10387.60733
2019/8/12,11398.76219,10571.45367
2019/8/11,11555.7759,10750.42134
2019/8/10,11342.4686,10858.0663
2019/8/9,11857.84447,11039.84415
2019/8/8,12019.25536,11217.91891
2019/8/7,11976.65483,11355.8709
2019/8/6,11497.06268,11381.54213
2019/8/5,11782.65214,11454.47122
2019/8/4,10948.18762,11362.41966
2019/8/3,10806.81707,11261.40101
2019/8/2,10523.94638,11127.31835
2019/8/1,10365.98473,10988.89405
2019/7/31,10080.08612,10823.65625
2019/7/30,9581.211678,10597.75723
2019/7/29,9533.58041,10404.27054
2019/7/28,9545.094701,10248.05675
2019/7/27,9464.997729,10105.68238
2019/7/26,9845.987422,10058.46512
2019/7/25,9904.696184,10030.50713
2019/7/24,9807.414231,9989.944784
2019/7/23,9916.381214,9976.56959
2019/7/22,10338.58841,10042.39119
2019/7/21,10596.3557,10143.11201
2019/7/20,10764.70085,10256.12817
2019/7/19,10511.69548,10302.59495
2019/7/18,10629.02333,10361.94556
2019/7/17,9643.714736,10231.35814
2019/7/16,9499.558669,10098.30369
2019/7/15,10885.58845,10241.44637
2019/7/14,10288.85312,10250.06578
2019/7/13,11397.16143,10458.62863
2019/7/12,11776.08244,10698.16568
2019/7/11,11376.67939,10821.53181
2019/7/10,12147.69776,11062.65289
2019/7/9,12545.44522,11332.2515
2019/7/8,12248.87413,11498.91016
2019/7/7,11441.6227,11488.49426
2019/7/6,11266.40134,11448.11373
2019/7/5,10980.08333,11363.01729
2019/7/4,11221.25556,11337.24243
2019/7/3,11943.62984,11447.49469
2019/7/2,10818.18812,11333.07531
2019/7/1,10638.00327,11206.69858
2019/6/30,10912.25593,11153.16355
2019/6/29,12097.56779,11324.87341
2019/6/28,12482.40996,11535.3346
2019/6/27,11237.07665,11481.10588
2019/6/26,13112.78254,11777.77437
2019/6/25,11810.12783,11783.65681
2019/6/24,11013.9636,11643.71259
2019/6/23,10880.05131,11504.86509
2019/6/22,10719.8078,11362.1274
2019/6/21,10162.2037,11143.95945
2019/6/20,9589.390555,10861.31056
2019/6/19,9311.883212,10579.5965
2019/6/18,9125.090764,10315.14091
2019/6/17,9328.082236,10135.6757
2019/6/16,9025.723642,9933.866233
2019/6/15,8859.597054,9738.544564
2019/6/14,8696.970843,9549.167524
2019/6/13,8286.913174,9319.666733
2019/6/12,8159.590369,9108.743758
2019/6/11,7962.75633,8900.382407
2019/6/10,8000.570019,8736.780155
2019/6/9,7750.808728,8557.512623
2019/6/8,7974.683977,8451.543778
2019/6/7,8070.900978,8382.335996
2019/6/6,7846.273224,8284.870038
2019/6/5,7860.506171,8207.712971
2019/6/4,7760.011058,8126.312623
2019/6/3,8362.955081,8169.338525
2019/6/2,8781.231373,8280.59177
2019/6/1,8596.109824,8337.958689
2019/5/31,8606.278615,8386.74413
2019/5/30,8380.8684,8385.675815
2019/5/29,8672.985373,8437.913917
2019/5/28,8721.615742,8489.496067
2019/5/27,8857.096556,8556.332519
2019/5/26,8736.628564,8589.113618
2019/5/25,8104.732046,8501.044242
2019/5/24,8021.477876,8413.850357
2019/5/23,7919.729554,8324.010211
2019/5/22,7744.861887,8218.710516
2019/5/21,7984.314133,8176.092992
2019/5/20,8004.459954,8144.886985
2019/5/19,8186.662732,8152.482575
2019/5/18,7332.609911,8003.414818
2019/5/17,7382.337789,7890.491722
2019/5/16,7918.875905,7895.652482
2019/5/15,8181.247379,7947.578827
2019/5/14,8028.236494,7962.243858
2019/5/13,7813.193116,7935.143723
2019/5/12,6992.035884,7763.66957
2019/5/11,7235.877636,7667.7074
2019/5/10,6386.69149,7434.795417
2019/5/9,6187.660821,7208.043672
2019/5/8,5973.935496,6983.660367
2019/5/7,5855.204284,6778.486534
2019/5/6,5742.76254,6590.173081
2019/5/5,5779.333069,6442.747624
2019/5/4,5820.358392,6329.585945
2019/5/3,5734.732074,6221.430696
2019/5/2,5485.782605,6087.676498
2019/5/1,5388.818933,5960.611486
2019/4/30,5305.984482,5841.588394
2019/4/29,5258.677411,5735.604579
2019/4/28,5293.938256,5655.301611
2019/4/27,5274.514196,5586.067536
2019/4/26,5264.272698,5527.559383
2019/4/25,5241.366292,5475.524276
2019/4/24,5484.270138,5477.114433
2019/4/23,5591.933563,5497.990638
2019/4/22,5417.509437,5483.357693
2019/4/21,5349.866311,5459.086532
2019/4/20,5363.756655,5441.753827
2019/4/19,5317.96215,5419.24625
2019/4/18,5309.256996,5399.248203
2019/4/17,5271.109695,5375.950293
2019/4/16,5280.621478,5358.617781
2019/4/15,5114.800176,5314.287307
2019/4/14,5187.562408,5291.246417
2019/4/13,5132.674495,5262.415158
2019/4/12,5090.026913,5231.071841
2019/4/11,5055.483612,5199.146708
2019/4/10,5334.165462,5223.695573
2019/4/9,5235.702336,5225.878621
2019/4/8,5303.985429,5240.079858
2019/4/7,5212.309923,5235.030779
2019/4/6,5066.740036,5204.432462
2019/4/5,5029.810426,5172.683001
2019/4/4,4924.082434,5127.482898
2019/4/3,4981.380899,5100.918898
2019/4/2,4888.060145,5062.217307
2019/4/1,4202.12515,4905.836915
2019/3/31,4202.588398,4777.973548
2019/3/30,4164.62132,4666.454961
2019/3/29,4128.954216,4568.727553
2019/3/28,4061.003062,4476.414009
2019/3/27,4069.689197,4402.464043
2019/3/26,3980.620043,4325.765134
2019/3/25,3969.701717,4261.026331
2019/3/24,4024.480056,4218.017917
2019/3/23,4034.593702,4184.66806
2019/3/22,4017.939706,4154.353814
2019/3/21,4024.283202,4130.704612
2019/3/20,4075.319877,4120.63466
2019/3/19,4039.787114,4105.935106
2019/3/18,4020.470962,4090.396171
2019/3/17,4007.16692,4075.26358
2019/3/16,4024.229285,4065.984617
2019/3/15,3928.041329,4040.904019
2019/3/14,3900.376687,4015.353595
2019/3/13,3895.619863,3993.583826
2019/3/12,3901.113915,3976.771115
2019/3/11,3879.103312,3959.013332
2019/3/10,3902.806463,3948.793902
2019/3/9,3931.895283,3945.721425
2019/3/8,3872.141156,3932.343195
2019/3/7,3888.248904,3924.326051
2019/3/6,3873.668096,3915.115514
2019/3/5,3855.002805,3904.18593
2019/3/4,3755.244534,3877.105676
2019/3/3,3881.076222,3877.827594
2019/3/2,3848.655865,3872.523643
2019/3/1,3834.29029,3865.572124
2019/2/28,3845.258313,3861.878704
2019/2/27,3841.615656,3858.194514
2019/2/26,3842.992707,3855.430549
2019/2/25,3868.161644,3857.745293
2019/2/24,3807.506664,3848.610997
2019/2/23,4123.668789,3898.621505
2019/2/22,3970.590294,3911.706739
2019/2/21,3894.540736,3908.585648
2019/2/20,3918.389586,3910.368182
2019/2/19,3893.270397,3907.259494
2019/2/18,3858.949361,3898.475833
2019/2/17,3630.269019,3849.710958
2019/2/16,3599.138222,3804.152279
2019/2/15,3596.820722,3766.455632
2019/2/14,3577.37136,3732.076673
2019/2/13,3590.146721,3706.271228
2019/2/12,3608.145569,3688.430199
2019/2/11,3615.96957,3675.255539
2019/2/10,3663.532767,3673.124126
2019/2/9,3648.622398,3668.669266
2019/2/8,3632.621064,3662.115048
2019/2/7,3382.947414,3611.357296
2019/2/6,3405.558944,3573.939414
2019/2/5,3463.442822,3553.849124
2019/2/4,3453.032184,3535.518772
2019/2/3,3451.480647,3520.239113
2019/2/2,3502.072823,3516.936151
2019/2/1,3474.400614,3509.202417
2019/1/31,3447.812769,3498.040663
2019/1/30,3470.82826,3493.092953
2019/1/29,3438.806393,3483.222669
2019/1/28,3462.059067,3479.374742
2019/1/27,3575.695347,3496.887579
2019/1/26,3595.147524,3514.753024
2019/1/25,3590.982706,3528.612966
2019/1/24,3601.873911,3541.933138
2019/1/23,3592.901431,3551.2001
2019/1/22,3608.383962,3561.597166
2019/1/21,3547.119997,3558.964953
2019/1/20,3583.507436,3563.427223
2019/1/19,3735.953787,3594.795689
2019/1/18,3653.185376,3605.411996
2019/1/17,3684.253015,3619.746727
2019/1/16,3658.24673,3626.746727
2019/1/15,3640.207439,3629.194129
2019/1/14,3705.942606,3643.148398
2019/1/13,3553.227143,3626.799079
2019/1/12,3668.24992,3634.335595
2019/1/11,3678.691684,3642.400339
2019/1/10,3673.215707,3648.003133
2019/1/9,4032.575391,3717.925362
2019/1/8,4030.989306,3774.846079
2019/1/7,4036.958448,3822.502873
2019/1/6,4085.907582,3870.394638
2019/1/5,3866.004564,3869.596443
2019/1/4,3877.816632,3871.091023
2019/1/3,3843.99664,3866.164771
2019/1/2,3938.625961,3879.339533
2019/1/1,3851.181614,3874.219912
2018/12/31,3746.123953,3850.929737
2018/12/30,3863.165984,3853.154509
2018/12/29,3832.098961,3849.326228
2018/12/28,3902.734263,3859.03678
2018/12/27,3651.165346,3821.241974
2018/12/26,3833.455304,3823.462579
2018/12/25,3789.436638,3817.276044
2018/12/24,4049.134022,3859.43204
2018/12/23,3980.147519,3881.380309
2018/12/22,3985.947865,3900.392592
2018/12/21,3872.495182,3895.320336
2018/12/20,4103.258582,3933.12729
2018/12/19,3719.296166,3894.248903
2018/12/18,3671.041341,3853.66571
2018/12/17,3520.00734,3793.000552
2018/12/16,3259.040242,3695.916859
2018/12/15,3244.865925,3613.907599
2018/12/14,3236.70091,3545.324564
2018/12/13,3314.351766,3503.32951
2018/12/12,3471.915387,3497.617851
2018/12/11,3394.218703,3478.818006
2018/12/10,3464.835871,3476.2758
2018/12/9,3586.572261,3496.329702
2018/12/8,3465.344049,3490.695947
2018/12/7,3424.127676,3478.592625
2018/12/6,3530.420581,3488.01589
2018/12/5,3778.6441,3540.857382
2018/12/4,3959.996646,3617.064521
2018/12/3,3905.390427,3669.487413
2018/12/2,4143.979048,3755.75862
2018/12/1,4208.469723,3838.069729
2018/11/30,4030.044494,3872.974232
2018/11/29,4295.392323,3949.777521
2018/11/28,4256.464556,4005.5388
2018/11/27,3835.01659,3974.534762
2018/11/26,3801.729367,3943.115599
2018/11/25,4008.329436,3954.972661
2018/11/24,3894.620254,3943.999496
2018/11/23,4374.323227,4022.240174
2018/11/22,4377.54577,4086.841192
2018/11/21,4609.512684,4181.872372
2018/11/20,4470.864068,4234.416317
2018/11/19,4893.020433,4354.16252
2018/11/18,5647.479577,4589.311076
2018/11/17,5631.540424,4778.807321
2018/11/16,5627.478697,4933.111207
2018/11/15,5654.723204,5064.313389
2018/11/14,5747.076679,5188.452169
2018/11/13,6371.367486,5403.527681
2018/11/12,6364.393922,5578.230634
2018/11/11,6407.676509,5729.038975
2018/11/10,6399.518804,5850.944398
2018/11/9,6397.943423,5950.398766
2018/11/8,6468.139286,6044.533406
2018/11/7,6526.820154,6132.221906
2018/11/6,6428.294585,6186.053302
2018/11/5,6413.987438,6227.495872
2018/11/4,6456.241631,6269.08601
2018/11/3,6387.91703,6290.69165
2018/11/2,6407.751479,6311.975255
2018/11/1,6368.306136,6322.217234
2018/10/31,6298.837501,6317.966373
2018/10/30,6284.585339,6311.897094
2018/10/29,6252.273571,6301.056454
2018/10/28,6406.221101,6320.177299
2018/10/27,6416.188305,6337.633845
2018/10/26,6416.405872,6351.956032
2018/10/25,6420.365573,6364.39413
2018/10/24,6433.06548,6376.87983
2018/10/23,6423.905004,6385.429862
2018/10/22,6466.252678,6400.124919
2018/10/21,6475.861332,6413.895176
2018/10/20,6461.901011,6422.62351
2018/10/19,6455.39574,6428.582097
2018/10/18,6479.295676,6437.802748
2018/10/17,6520.256441,6452.794328
2018/10/16,6552.077685,6470.845848
2018/10/15,6576.759501,6490.102876
2018/10/14,6321.811255,6459.504399
2018/10/13,6325.159139,6435.077988
2018/10/12,6293.90483,6409.410141
2018/10/11,6252.437099,6380.869588
2018/10/10,6599.428021,6420.607485
2018/10/9,6646.658367,6461.707645
2018/10/8,6657.272478,6497.264888
2018/10/7,6595.637642,6515.150843
2018/10/6,6590.995726,6528.940822
2018/10/5,6626.550323,6546.688004
2018/10/4,6574.045632,6551.662118
2018/10/3,6505.256156,6543.22467
2018/10/2,6534.415121,6541.622934
2018/10/1,6596.018098,6551.512964
2018/9/30,6619.480812,6563.870754
2018/9/29,6600.212125,6570.478276
2018/9/28,6641.955563,6583.474147
2018/9/27,6676.851173,6600.451788
2018/9/26,6479.083948,6578.384908
2018/9/25,6438.627759,6552.974517
2018/9/24,6586.794102,6559.123533
2018/9/23,6709.838127,6586.526186
2018/9/22,6707.238115,6608.47381
2018/9/21,6744.696981,6633.241659
2018/9/20,6497.019131,6608.473927
2018/9/19,6397.127392,6570.047284
2018/9/18,6363.858467,6532.558408
2018/9/17,6274.229074,6485.589438
2018/9/16,6512.152478,6490.419082
2018/9/15,6537.211073,6498.926717
2018/9/14,6509.223086,6500.798784
2018/9/13,6501.145617,6500.861844
2018/9/12,6359.149645,6475.09599
2018/9/11,6306.694006,6444.477447
2018/9/10,6330.669843,6423.785156
2018/9/9,6277.682277,6397.220996
2018/9/8,6214.51545,6364.001806
2018/9/7,6436.841435,6377.245375
2018/9/6,6519.675095,6403.141687
2018/9/5,6714.906125,6459.826131
2018/9/4,7360.989295,6623.673979
2018/9/3,7268.864743,6740.98139
2018/9/2,7277.239549,6838.482874
2018/9/1,7193.248733,6902.985757
2018/8/31,7018.26405,6923.945447
2018/8/30,6973.880312,6933.024513
2018/8/29,7036.643094,6951.864255
2018/8/28,7082.637385,6975.641188
2018/8/27,6883.391277,6958.868477
2018/8/26,6705.158423,6912.739376
2018/8/25,6745.155573,6882.269594
2018/8/24,6709.592961,6850.873842
2018/8/23,6528.524415,6792.264856
2018/8/22,6376.530714,6716.67683
2018/8/21,6482.48094,6674.095759
2018/8/20,6291.971192,6604.618565
2018/8/19,6509.311913,6587.290083
2018/8/18,6420.016879,6556.876773
2018/8/17,6587.234439,6562.396349
2018/8/16,6329.69734,6520.087438
2018/8/15,6306.298266,6481.216679
2018/8/14,6207.11752,6431.380469
2018/8/13,6284.928115,6404.752768
2018/8/12,6342.511734,6393.436216
2018/8/11,6293.915942,6375.341621
2018/8/10,6183.831056,6340.521518
2018/8/9,6563.764604,6381.11117
2018/8/8,6281.517374,6363.003207
2018/8/7,6732.82669,6430.24384
2018/8/6,6935.713092,6522.147341
2018/8/5,7041.990104,6616.664207
2018/8/4,7017.844894,6689.60615
2018/8/3,7422.438043,6822.848312
2018/8/2,7551.493153,6955.329192
2018/8/1,7596.721803,7071.946031
2018/7/31,7752.144492,7195.618478
2018/7/30,8181.184914,7374.812376
2018/7/29,8211.614335,7526.958186
2018/7/28,8195.281388,7648.471496
2018/7/27,8158.491094,7741.202332
2018/7/26,7933.673932,7776.197168
2018/7/25,8179.363887,7849.500208
2018/7/24,8338.94062,7938.489374
2018/7/23,7712.930732,7897.478712
2018/7/22,7391.747574,7805.527596
2018/7/21,7400.986497,7731.974669
2018/7/20,7329.843348,7658.859883
2018/7/19,7443.660646,7619.732749
2018/7/18,7353.883851,7571.396586
2018/7/17,7317.330034,7525.202667
2018/7/16,6705.492444,7376.164445
2018/7/15,6346.599551,7188.970828
2018/7/14,6250.050407,7018.258024
2018/7/13,6215.784718,6872.353787
2018/7/12,6202.442176,6750.551676
2018/7/11,6367.687185,6680.93995
2018/7/10,6319.83561,6615.284615
2018/7/9,6669.99851,6625.232596
2018/7/8,6711.7568,6640.96427
2018/7/7,6718.701013,6655.098223
2018/7/6,6600.606901,6645.19071
2018/7/5,6532.499354,6624.701372
2018/7/4,6603.099909,6620.773834
2018/7/3,6534.644903,6605.114028
2018/7/2,6595.968717,6603.451244
2018/7/1,6364.401842,6559.987717
2018/6/30,6376.564855,6526.638105
2018/6/29,6127.560923,6454.078618
2018/6/28,5912.435446,6355.598041
2018/6/27,6108.694146,6310.706424
2018/6/26,6103.03072,6272.947205
2018/6/25,6238.074119,6266.606644
2018/6/24,6149.117943,6245.245062
2018/6/23,6156.300264,6229.07328
2018/6/22,6071.720089,6200.463609
2018/6/21,6711.941657,6293.459618
2018/6/20,6734.137828,6373.582929
2018/6/19,6722.636753,6437.047261
2018/6/18,6700.596021,6484.965217
2018/6/17,6461.213025,6480.646637
2018/6/16,6505.755311,6485.21185
2018/6/15,6473.773491,6483.132148
2018/6/14,6649.438347,6513.369639
2018/6/13,6308.396028,6476.10171
2018/6/12,6558.514878,6491.085922
2018/6/11,6847.943671,6555.969149
2018/6/10,6797.078904,6599.807286
2018/6/9,7559.667409,6774.327309
2018/6/8,7622.637061,6928.565446
2018/6/7,7654.789136,7060.606117
2018/6/6,7577.593405,7154.603805
2018/6/5,7612.115176,7237.787691
2018/6/4,7505.890508,7286.533658
2018/6/3,7684.931799,7358.969683
2018/6/2,7588.637728,7400.72751
2018/6/1,7525.473797,7423.408653
2018/5/31,7504.038587,7438.068641
2018/5/30,7411.621917,7433.260146
2018/5/29,7474.562016,7440.769577
2018/5/28,7149.250597,7387.766126
2018/5/27,7363.93676,7383.433514
2018/5/26,7349.788652,7377.316266
2018/5/25,7488.637221,7397.55644
2018/5/24,7576.278752,7430.051406
2018/5/23,7570.538188,7455.594457
2018/5/22,8032.093711,7560.412503
2018/5/21,8399.115042,7712.903874
2018/5/20,8499.1229,7855.852788
2018/5/19,8225.333519,7923.031102
2018/5/18,8236.681884,7980.058517
2018/5/17,8088.947899,7999.856587
2018/5/16,8343.900226,8062.409976
2018/5/15,8515.701134,8144.82655
2018/5/14,8740.312768,8253.096771
2018/5/13,8699.820503,8334.319268
2018/5/12,8488.213129,8362.29997
2018/5/11,8422.66381,8373.275214
2018/5/10,9037.392112,8494.023741
2018/5/9,9327.374047,8645.541978
2018/5/8,9233.687914,8752.477603
2018/5/7,9372.878004,8865.277676
2018/5/6,9666.853489,9011.018733
2018/5/5,9864.060649,9166.117263
2018/5/4,9718.724265,9266.591263
2018/5/3,9769.290293,9357.991087
2018/5/2,9236.704389,9335.93896
2018/5/1,9096.810022,9292.460971
2018/4/30,9240.335679,9282.983645
2018/4/29,9413.409305,9306.697402
2018/4/28,9337.281363,9312.258122
2018/4/27,8974.089791,9250.772971
2018/4/26,9268.527837,9254.001128
2018/4/25,8846.751895,9179.955813
2018/4/24,9715.110088,9277.25659
2018/4/23,8924.023356,9213.032366
2018/4/22,8787.210206,9135.610155
2018/4/21,8884.348604,9089.926237
2018/4/20,8813.044081,9039.584027
2018/4/19,8280.64311,8901.594769
2018/4/18,8133.862763,8762.007132
2018/4/17,7889.50363,8603.370131
2018/4/16,8038.471105,8500.661217
2018/4/15,8301.987534,8464.53873
2018/4/14,7910.243775,8363.757829
2018/4/13,7866.931623,8273.425791
2018/4/12,7821.822517,8191.316105
2018/4/11,6932.843296,7962.502867
2018/4/10,6844.301557,7759.193538
2018/4/9,6772.871609,7579.862278
2018/4/8,7000.923355,7474.600656
2018/4/7,6894.151859,7369.064511
2018/4/6,6637.296686,7236.015815
2018/4/5,6819.726657,7160.326878
2018/4/4,6840.93611,7102.255829
2018/4/3,7454.69179,7166.335095
2018/4/2,7061.622526,7147.296446
2018/4/1,6830.630577,7089.720833
2018/3/31,6955.124518,7065.248776
2018/3/30,6880.453144,7031.64957
2018/3/29,7178.058623,7058.269398
2018/3/28,7954.826953,7221.279862
2018/3/27,7828.221732,7331.63293
2018/3/26,8187.383924,7487.22402
2018/3/25,8466.556129,7665.284403
2018/3/24,8661.018753,7846.327012
2018/3/23,8865.051157,8031.549584
2018/3/22,8721.57,8157.007841
2018/3/21,8978.01899,8306.282596
2018/3/20,8892.783654,8412.919152
2018/3/19,8588.661986,8444.872394
2018/3/18,8092.439642,8380.793712
2018/3/17,7906.38397,8294.537395
2018/3/16,8315.139163,8298.283171
2018/3/15,8291.944666,8297.130716
2018/3/14,8262.032897,8290.749294
2018/3/13,9208.440502,8457.602241
2018/3/12,9216.378706,8595.561598
2018/3/11,9570.367448,8772.799026
2018/3/10,8894.85712,8794.991406
2018/3/9,9345.521676,8895.087819
2018/3/8,9433.592923,8992.997838
2018/3/7,9968.268316,9170.319743
2018/3/6,10697.57229,9448.002024
2018/3/5,11527.56879,9826.105073
2018/3/4,11516.38357,10133.42844
2018/3/3,11494.89894,10380.96853
2018/3/2,11095.09196,10510.80915
2018/3/1,10929.7655,10586.98303
2018/2/28,10412.02401,10555.1723
2018/2/27,10736.49053,10588.13925
2018/2/26,10371.77268,10548.79988
2018/2/25,9699.647408,10394.40852
2018/2/24,9843.276427,10294.20268
2018/2/23,10348.06763,10303.99631
2018/2/22,9987.171846,10246.39186
2018/2/21,10680.36171,10325.29547
2018/2/20,11446.21506,10529.09903
2018/2/19,11191.90266,10649.60878
2018/2/18,10576.17556,10636.25729
2018/2/17,11095.6086,10719.77571
2018/2/16,10245.30885,10633.50901
2018/2/15,10117.07499,10539.61191
2018/2/14,9505.15,10351.52793
2018/2/13,8577.572064,10028.9905
2018/2/12,8863.252806,9817.038191
2018/2/11,8099.307366,9504.723495
2018/2/10,8624.238538,9344.635321
2018/2/9,8684.106762,9224.53922
2018/2/8,8256.155151,9048.469389
2018/2/7,7587.933554,8782.917419
2018/2/6,7768.942755,8598.558389
2018/2/5,6905.959543,8290.813144
2018/2/4,8256.583798,8284.589627
2018/2/3,9191.270888,8449.440765
2018/2/2,8768.328115,8507.420283
2018/2/1,9171.249369,8628.116481
2018/1/31,10236.67507,8920.581679
2018/1/30,10084.49524,9132.202326
2018/1/29,11348.08379,9535.089865
2018/1/28,11865.23189,9958.752051
2018/1/27,11446.46873,10229.24599
2018/1/26,11123.95015,10391.91948
2018/1/25,11219.4367,10542.37715
2018/1/24,10821.59111,10593.14333
2018/1/23,10800.47262,10630.83956
2018/1/22,10917.30641,10682.92444
2018/1/21,11481.02513,10828.03366
2018/1/20,12961.20566,11215.88311
2018/1/19,11517.12995,11270.65527
2018/1/18,11305.3074,11276.95565
2018/1/17,11139.59209,11251.98046
2018/1/16,11445.84964,11287.2294
2018/1/15,13769.21644,11738.49977
2018/1/14,13815.42967,12116.12339
2018/1/13,14552.77603,12559.15114
2018/1/12,14089.11203,12837.32585
2018/1/11,13501.98144,12958.17232
2018/1/10,15065.00252,13341.23236
2018/1/9,14710.59636,13590.20763
2018/1/8,15218.63286,13886.28494
2018/1/7,16515.28737,14364.28539
2018/1/6,17162.01641,14872.96375
2018/1/5,16989.16148,15257.72698
2018/1/4,15163.89895,15240.66734
2018/1/3,15079.15218,15211.30094
2018/1/2,14938.17668,15161.64199
2018/1/1,13577.18855,14873.55954
