Date,Close,Google_trends
2022/12/31,16538.3479,19.93548387
2022/12/30,16603.75195,19.87096774
2022/12/29,16641.44486,19.80645161
2022/12/28,16549.98327,19.74193548
2022/12/27,16706.45971,19.67741935
2022/12/26,16908.94843,19.61290323
2022/12/25,16829.9184,19.5483871
2022/12/24,16833.8821,19.48387097
2022/12/23,16780.46368,19.41935484
2022/12/22,16822.06214,19.35483871
2022/12/21,16806.4165,19.29032258
2022/12/20,16902.54219,19.22580645
2022/12/19,16424.79671,19.16129032
2022/12/18,16750.76581,19.09677419
2022/12/17,16785.8923,19.03225806
2022/12/16,16608.4932,18.96774194
2022/12/15,17339.45827,18.90322581
2022/12/14,17799.16897,18.83870968
2022/12/13,17766.35055,18.77419355
2022/12/12,17220.81454,18.70967742
2022/12/11,17091.91654,18.64516129
2022/12/10,17114.34059,18.58064516
2022/12/9,17123.38673,18.51612903
2022/12/8,17254.8416,18.4516129
2022/12/7,16838.04747,18.38709677
2022/12/6,17088.37612,18.32258065
2022/12/5,16959.33606,18.25806452
2022/12/4,17130.16533,18.19354839
2022/12/3,16903.72363,18.12903226
2022/12/2,17088.4265,18.06451613
2022/12/1,16956.1893,18
2022/11/30,17188.63468,18.26666667
2022/11/29,16436.1924,18.53333333
2022/11/28,16212.40325,18.8
2022/11/27,16432.36462,19.06666667
2022/11/26,16461.19452,19.33333333
2022/11/25,16511.91128,19.6
2022/11/24,16597.7313,19.86666667
2022/11/23,16615.2292,20.13333333
2022/11/22,16174.9574,20.4
2022/11/21,15779.9717,20.66666667
2022/11/20,16291.4477,20.93333333
2022/11/19,16715.83859,21.2
2022/11/18,16711.14178,21.46666667
2022/11/17,16690.88953,21.73333333
2022/11/16,16673.50771,22
2022/11/15,16894.9265,22.26666667
2022/11/14,16630.63746,22.53333333
2022/11/13,16349.9976,22.8
2022/11/12,16802.1943,23.06666667
2022/11/11,17104.1984,23.33333333
2022/11/10,17590.41467,23.6
2022/11/9,15789.34242,23.86666667
2022/11/8,18528.52093,24.13333333
2022/11/7,20591.7459,24.4
2022/11/6,20913.0539,24.66666667
2022/11/5,21281.5851,24.93333333
2022/11/4,21156.078,25.2
2022/11/3,20208.59651,25.46666667
2022/11/2,20151.52308,25.73333333
2022/11/1,20481.5549,26
2022/10/31,20504.46023,25.70967742
2022/10/30,20621.7479,25.41935484
2022/10/29,20811.98837,25.12903226
2022/10/28,20608.2579,24.83870968
2022/10/27,20283.97975,24.5483871
2022/10/26,20754.02397,24.25806452
2022/10/25,20110.87556,23.96774194
2022/10/24,19335.3937,23.67741935
2022/10/23,19548.7249,23.38709677
2022/10/22,19202.85297,23.09677419
2022/10/21,19166.3286,22.80645161
2022/10/20,19042.9309,22.51612903
2022/10/19,19124.9892,22.22580645
2022/10/18,19351.0697,21.93548387
2022/10/17,19558.1117,21.64516129
2022/10/16,19259.62065,21.35483871
2022/10/15,19054.8847,21.06451613
2022/10/14,19191.0274,20.77419355
2022/10/13,19380.6893,20.48387097
2022/10/12,19157.97735,20.19354839
2022/10/11,19045.5416,19.90322581
2022/10/10,19135.37402,19.61290323
2022/10/9,19436.3351,19.32258065
2022/10/8,19401.0105,19.03225806
2022/10/7,19533.02825,18.74193548
2022/10/6,19948.2219,18.4516129
2022/10/5,20168.6041,18.16129032
2022/10/4,20339.726,17.87096774
2022/10/3,19610.3879,17.58064516
2022/10/2,19035.34988,17.29032258
2022/10/1,19305.1719,17
2022/9/30,19449.60774,17.13333333
2022/9/29,19593.33746,17.26666667
2022/9/28,19399.48878,17.4
2022/9/27,19098.47982,17.53333333
2022/9/26,19238.7536,17.66666667
2022/9/25,18814.0516,17.8
2022/9/24,18931.73411,17.93333333
2022/9/23,19245.96942,18.06666667
2022/9/22,19429.13269,18.2
2022/9/21,18501.82049,18.33333333
2022/9/20,18873.2005,18.46666667
2022/9/19,19576.6372,18.6
2022/9/18,19393.59391,18.73333333
2022/9/17,20123.64055,18.86666667
2022/9/16,19756.26819,19
2022/9/15,19662.3883,19.13333333
2022/9/14,20251.71983,19.26666667
2022/9/13,20172.39246,19.4
2022/9/12,22387.93863,19.53333333
2022/9/11,21789.45241,19.66666667
2022/9/10,21661.704,19.8
2022/9/9,21370.64087,19.93333333
2022/9/8,19318.4204,20.06666667
2022/9/7,19275.30356,20.2
2022/9/6,18812.06104,20.33333333
2022/9/5,19808.09596,20.46666667
2022/9/4,19975.3081,20.6
2022/9/3,19834.79562,20.73333333
2022/9/2,19927.5466,20.86666667
2022/9/1,20145.5884,21
2022/8/31,20046.9471,21.03225806
2022/8/30,19768.0653,21.06451613
2022/8/29,20280.87118,21.09677419
2022/8/28,19606.7351,21.12903226
2022/8/27,20050.5705,21.16129032
2022/8/26,20215.51485,21.19354839
2022/8/25,21591.28483,21.22580645
2022/8/24,21378.10481,21.25806452
2022/8/23,21516.13082,21.29032258
2022/8/22,21418.635,21.32258065
2022/8/21,21515.70635,21.35483871
2022/8/20,21163.4085,21.38709677
2022/8/19,20840.72427,21.41935484
2022/8/18,23206.1852,21.4516129
2022/8/17,23311.75915,21.48387097
2022/8/16,23889.74606,21.51612903
2022/8/15,24146.6057,21.5483871
2022/8/14,24323.00217,21.58064516
2022/8/13,24427.97318,21.61290323
2022/8/12,24395.938,21.64516129
2022/8/11,23928.9778,21.67741935
2022/8/10,23940.2045,21.70967742
2022/8/9,23158.6991,21.74193548
2022/8/8,23792.955,21.77419355
2022/8/7,23170.70242,21.80645161
2022/8/6,22938.3603,21.83870968
2022/8/5,23225.78975,21.87096774
2022/8/4,22635.52,21.90322581
2022/8/3,22812.3048,21.93548387
2022/8/2,22963.82554,21.96774194
2022/8/1,23311.59284,22
2022/7/31,23314.4296,22.32258065
2022/7/30,23642.24323,22.64516129
2022/7/29,23746.2734,22.96774194
2022/7/28,23847.01344,23.29032258
2022/7/27,22943.12042,23.61290323
2022/7/26,21206.71524,23.93548387
2022/7/25,21340.4673,24.25806452
2022/7/24,22600.78471,24.58064516
2022/7/23,22471.3157,24.90322581
2022/7/22,22701.085,25.22580645
2022/7/21,23180.0875,25.5483871
2022/7/20,23244.5742,25.87096774
2022/7/19,23407.3451,26.19354839
2022/7/18,22440.03658,26.51612903
2022/7/17,20769.40226,26.83870968
2022/7/16,21192.11367,27.16129032
2022/7/15,20831.31137,27.48387097
2022/7/14,20587.5358,27.80645161
2022/7/13,20187.1528,28.12903226
2022/7/12,19313.26076,28.4516129
2022/7/11,19992.29457,28.77419355
2022/7/10,20857.65584,29.09677419
2022/7/9,21592.74175,29.41935484
2022/7/8,21801.08221,29.74193548
2022/7/7,21647.16593,30.06451613
2022/7/6,20557.53555,30.38709677
2022/7/5,20185.96233,30.70967742
2022/7/4,20255.6454,31.03225806
2022/7/3,19310.0755,31.35483871
2022/7/2,19246.50949,31.67741935
2022/7/1,19336.10444,32
2022/6/30,19816.74636,32.3
2022/6/29,20101.12,32.6
2022/6/28,20293.4508,32.9
2022/6/27,20732.9834,33.2
2022/6/26,21029.2163,33.5
2022/6/25,21499.97104,33.8
2022/6/24,21279.53233,34.1
2022/6/23,21075.1688,34.4
2022/6/22,19976.05359,34.7
2022/6/21,20739.94339,35
2022/6/20,20672.8011,35.3
2022/6/19,20554.9027,35.6
2022/6/18,19007.5031,35.9
2022/6/17,20468.2145,36.2
2022/6/16,20383.6889,36.5
2022/6/15,22490.59073,36.8
2022/6/14,22209.515,37.1
2022/6/13,22509.0994,37.4
2022/6/12,26704.72936,37.7
2022/6/11,28399.9749,38
2022/6/10,29082.53195,38.3
2022/6/9,30111.70675,38.6
2022/6/8,30204.54858,38.9
2022/6/7,31193.0692,39.2
2022/6/6,31367.4226,39.5
2022/6/5,29909.21037,39.8
2022/6/4,29840.07522,40.1
2022/6/3,29717.55805,40.4
2022/6/2,30441.46505,40.7
2022/6/1,29789.42113,41
2022/5/31,31852.83438,40.80645161
2022/5/30,31720.0295,40.61290323
2022/5/29,29445.7241,40.41935484
2022/5/28,29047.06027,40.22580645
2022/5/27,28606.47447,40.03225806
2022/5/26,29353.61926,39.83870968
2022/5/25,29557.53374,39.64516129
2022/5/24,29674.1123,39.4516129
2022/5/23,29114.08113,39.25806452
2022/5/22,30366.04222,39.06451613
2022/5/21,29449.98556,38.87096774
2022/5/20,29234.03291,38.67741935
2022/5/19,30376.33148,38.48387097
2022/5/18,28760.1539,38.29032258
2022/5/17,30452.62433,38.09677419
2022/5/16,29880.54816,37.90322581
2022/5/15,31333.76562,37.70967742
2022/5/14,30123.7756,37.51612903
2022/5/13,29250.004,37.32258065
2022/5/12,29130.0386,37.12903226
2022/5/11,28984.5358,36.93548387
2022/5/10,31024.7033,36.74193548
2022/5/9,30363.86562,36.5483871
2022/5/8,33933.54281,36.35483871
2022/5/7,35552.564,36.16129032
2022/5/6,36033.0634,35.96774194
2022/5/5,36568.7596,35.77419355
2022/5/4,39699.03396,35.58064516
2022/5/3,37732.29975,35.38709677
2022/5/2,38503.90959,35.19354839
2022/5/1,38467.094,35
2022/4/30,37660.45292,34.6
2022/4/29,38592.00442,34.2
2022/4/28,39749.9386,33.8
2022/4/27,39248.43928,33.4
2022/4/26,38026.74626,33
2022/4/25,40475.27521,32.6
2022/4/24,39479.99697,32.2
2022/4/23,39419.5301,31.8
2022/4/22,39757.5541,31.4
2022/4/21,40528.7777,31
2022/4/20,41363.50366,30.6
2022/4/19,41504.4185,30.2
2022/4/18,40826.6711,29.8
2022/4/17,39678.0001,29.4
2022/4/16,40386.5108,29
2022/4/15,40558.127,28.6
2022/4/14,39909.71687,28.2
2022/4/13,41160.0481,27.8
2022/4/12,40169.21512,27.4
2022/4/11,39456.93304,27
2022/4/10,42242.7841,26.6
2022/4/9,42788.71116,26.2
2022/4/8,42283.4292,25.8
2022/4/7,43480.17472,25.4
2022/4/6,43138.51947,25
2022/4/5,45573.53741,24.6
2022/4/4,46605.60297,24.2
2022/4/3,46430.69671,23.8
2022/4/2,45845.95756,23.4
2022/4/1,46231.00476,23
2022/3/31,45540.82639,23.22580645
2022/3/30,47100.45937,23.4516129
2022/3/29,47498.66565,23.67741935
2022/3/28,46888.22115,23.90322581
2022/3/27,46842.71955,24.12903226
2022/3/26,44533.21742,24.35483871
2022/3/25,44365.18255,24.58064516
2022/3/24,43948.89113,24.80645161
2022/3/23,42925.97798,25.03225806
2022/3/22,42376.74422,25.25806452
2022/3/21,41051.83346,25.48387097
2022/3/20,41252.05199,25.70967742
2022/3/19,42166.22954,25.93548387
2022/3/18,41767.09817,26.16129032
2022/3/17,40958.22516,26.38709677
2022/3/16,41147.27989,26.61290323
2022/3/15,39302.01679,26.83870968
2022/3/14,39599.02437,27.06451613
2022/3/13,37824.35153,27.29032258
2022/3/12,38875.98605,27.51612903
2022/3/11,38770.04591,27.74193548
2022/3/10,39461.35102,27.96774194
2022/3/9,41955.06532,28.19354839
2022/3/8,38724.82009,28.41935484
2022/3/7,37991.87947,28.64516129
2022/3/6,38385.18525,28.87096774
2022/3/5,39409.21247,29.09677419
2022/3/4,39120.0424,29.32258065
2022/3/3,42450.88343,29.5483871
2022/3/2,43938.47684,29.77419355
2022/3/1,44359.8712,30
2022/2/28,43181.1437,30.17857143
2022/2/27,37714.48389,30.35714286
2022/2/26,39033.5353,30.53571429
2022/2/25,39219.47676,30.71428571
2022/2/24,38296.16593,30.89285714
2022/2/23,37287.48634,31.07142857
2022/2/22,38302.8439,31.25
2022/2/21,37003.15356,31.42857143
2022/2/20,38464.8528,31.60714286
2022/2/19,40112.55953,31.78571429
2022/2/18,39976.23595,31.96428571
2022/2/17,40491.0412,32.14285714
2022/2/16,43997.7116,32.32142857
2022/2/15,44602.5315,32.5
2022/2/14,42594.9419,32.67857143
2022/2/13,42235.5136,32.85714286
2022/2/12,42126.3511,33.03571429
2022/2/11,42377.6527,33.21428571
2022/2/10,43524.37792,33.39285714
2022/2/9,44283.9142,33.57142857
2022/2/8,44082.39258,33.75
2022/2/7,43905.99798,33.92857143
2022/2/6,42388.07234,34.10714286
2022/2/5,41360.0538,34.28571429
2022/2/4,41653.56036,34.46428571
2022/2/3,37027.78,34.64285714
2022/2/2,36835.9015,34.82142857
2022/2/1,38761.9683,35
2022/1/31,38472.00624,35.25806452
2022/1/30,37937.339,35.51612903
2022/1/29,38131.8236,35.77419355
2022/1/28,37784.7229,36.03225806
2022/1/27,37201.84235,36.29032258
2022/1/26,36775.5295,36.5483871
2022/1/25,36948.63103,36.80645161
2022/1/24,36705.9179,37.06451613
2022/1/23,36231.1426,37.32258065
2022/1/22,35015.93463,37.58064516
2022/1/21,36400.668,37.83870968
2022/1/20,40673.94412,38.09677419
2022/1/19,41676.49878,38.35483871
2022/1/18,42352.1359,38.61290323
2022/1/17,42199.00911,38.87096774
2022/1/16,43104.67713,39.12903226
2022/1/15,43145.30763,39.38709677
2022/1/14,43068.72658,39.64516129
2022/1/13,42580.3303,39.90322581
2022/1/12,43900.027,40.16129032
2022/1/11,42674.2972,40.41935484
2022/1/10,41786.2184,40.67741935
2022/1/9,41880.90095,40.93548387
2022/1/8,41752.93,41.19354839
2022/1/7,41512.9242,41.4516129
2022/1/6,43119.06386,41.70967742
2022/1/5,43529.7281,41.96774194
2022/1/4,45884.45966,42.22580645
2022/1/3,46424.346,42.48387097
2022/1/2,47313.6322,42.74193548
2022/1/1,47544.4994,43
2021/12/31,46304.94959,42.70967742
2021/12/30,47161.0092,42.41935484
2021/12/29,46408.30267,42.12903226
2021/12/28,47637.8884,41.83870968
2021/12/27,50650.17144,41.5483871
2021/12/26,50799.97886,41.25806452
2021/12/25,50629.98124,40.96774194
2021/12/24,50771.9277,40.67741935
2021/12/23,50795.70373,40.38709677
2021/12/22,48648.50605,40.09677419
2021/12/21,48938.9095,39.80645161
2021/12/20,46878.42809,39.51612903
2021/12/19,46686.4963,39.22580645
2021/12/18,46871.01844,38.93548387
2021/12/17,46305.32715,38.64516129
2021/12/16,47709.1644,38.35483871
2021/12/15,48787.2417,38.06451613
2021/12/14,48395.29567,37.77419355
2021/12/13,46745.6254,37.48387097
2021/12/12,50116.99176,37.19354839
2021/12/11,49286.36663,36.90322581
2021/12/10,47092.3307,36.61290323
2021/12/9,47834.99429,36.32258065
2021/12/8,50471.21696,36.03225806
2021/12/7,50559.94761,35.74193548
2021/12/6,50453.04698,35.4516129
2021/12/5,49217.9124,35.16129032
2021/12/4,49014.11288,34.87096774
2021/12/3,53708.6772,34.58064516
2021/12/2,56405.66892,34.29032258
2021/12/1,57173.0795,34
2021/11/30,57030.12565,34
2021/11/29,57876.49424,34
2021/11/28,57158.66834,34
2021/11/27,54487.45022,34
2021/11/26,53663.60159,34
2021/11/25,58907.05076,34
2021/11/24,57103.4606,34
2021/11/23,57672.52894,34
2021/11/22,56369.5245,34
2021/11/21,58681.09231,34
2021/11/20,59815.37361,34
2021/11/19,58046.88915,34
2021/11/18,56749.2716,34
2021/11/17,60338.9249,34
2021/11/16,60189.9985,34
2021/11/15,63715.76978,34
2021/11/14,65255.04686,34
2021/11/13,64471.04362,34
2021/11/12,64315.36364,34
2021/11/11,64800.36102,34
2021/11/10,64871.25216,34
2021/11/9,66913.3364,34
2021/11/8,67500.02474,34
2021/11/7,63180.13308,34
2021/11/6,61416.30848,34
2021/11/5,61026.01799,34
2021/11/4,61367.93383,34
2021/11/3,62941.48199,34
2021/11/2,63175.51239,34
2021/11/1,61065.03107,34
2021/10/31,61339.97564,34.09677419
2021/10/30,61661.28735,34.19354839
2021/10/29,62220.29366,34.29032258
2021/10/28,60438.74647,34.38709677
2021/10/27,58681.0152,34.48387097
2021/10/26,60396.4959,34.58064516
2021/10/25,62989.5447,34.67741935
2021/10/24,60849.6164,34.77419355
2021/10/23,61238.6222,34.87096774
2021/10/22,60694.00001,34.96774194
2021/10/21,62298.09301,35.06451613
2021/10/20,65986.30294,35.16129032
2021/10/19,64217.0839,35.25806452
2021/10/18,61953.2331,35.35483871
2021/10/17,61582.25155,35.4516129
2021/10/16,60860.89184,35.5483871
2021/10/15,61526.33413,35.64516129
2021/10/14,57351.73842,35.74193548
2021/10/13,57357.6067,35.83870968
2021/10/12,56035.85825,35.93548387
2021/10/11,57399.22647,36.03225806
2021/10/10,54689.5713,36.12903226
2021/10/9,55102.17221,36.22580645
2021/10/8,53892.9323,36.32258065
2021/10/7,53809.13817,36.41935484
2021/10/6,55385.44519,36.51612903
2021/10/5,51545.04937,36.61290323
2021/10/4,49176.7613,36.70967742
2021/10/3,48144.1454,36.80645161
2021/10/2,47710.5155,36.90322581
2021/10/1,48080.37284,37
2021/9/30,43797.5922,36.76666667
2021/9/29,41543.6399,36.53333333
2021/9/28,40909.3105,36.3
2021/9/27,42278.30996,36.06666667
2021/9/26,43209.8655,35.83333333
2021/9/25,42718.93784,35.6
2021/9/24,42748.0353,35.36666667
2021/9/23,44844.228,35.13333333
2021/9/22,43579.97298,34.9
2021/9/21,40538.4344,34.66666667
2021/9/20,42966.0101,34.43333333
2021/9/19,47201.5018,34.2
2021/9/18,48210.7774,33.96666667
2021/9/17,47197.5518,33.73333333
2021/9/16,47816.2504,33.5
2021/9/15,48092.9703,33.26666667
2021/9/14,47012.9104,33.03333333
2021/9/13,44990.02141,32.8
2021/9/12,46058.0015,32.56666667
2021/9/11,45096.0509,32.33333333
2021/9/10,44833.0831,32.1
2021/9/9,46319.9526,31.86666667
2021/9/8,45972.9463,31.63333333
2021/9/7,46881.9971,31.4
2021/9/6,52639.2443,31.16666667
2021/9/5,51698.7267,30.93333333
2021/9/4,49974.09728,30.7
2021/9/3,49987.63657,30.46666667
2021/9/2,49318.558,30.23333333
2021/9/1,48744.6322,30
2021/8/31,47225.2696,30.06451613
2021/8/30,47020.6765,30.12903226
2021/8/29,48876.7643,30.19354839
2021/8/28,48864.0249,30.25806452
2021/8/27,49005.9495,30.32258065
2021/8/26,47130.6185,30.38709677
2021/8/25,48939.9658,30.4516129
2021/8/24,47734.0314,30.51612903
2021/8/23,49486.4032,30.58064516
2021/8/22,49223.94712,30.64516129
2021/8/21,49000.4242,30.70967742
2021/8/20,49270.61315,30.77419355
2021/8/19,46666.8683,30.83870968
2021/8/18,44856.0324,30.90322581
2021/8/17,44569.5598,30.96774194
2021/8/16,45906.7425,31.03225806
2021/8/15,47057.4919,31.09677419
2021/8/14,47053.5097,31.16129032
2021/8/13,47799.97212,31.22580645
2021/8/12,44434.3365,31.29032258
2021/8/11,45670.172,31.35483871
2021/8/10,45543.91666,31.41935484
2021/8/9,46265.47428,31.48387097
2021/8/8,43780.2388,31.5483871
2021/8/7,44665.77153,31.61290323
2021/8/6,42792.7879,31.67741935
2021/8/5,40849.95098,31.74193548
2021/8/4,39772.4717,31.80645161
2021/8/3,38255.05,31.87096774
2021/8/2,39153.01029,31.93548387
2021/8/1,40120.70072,32
2021/7/31,41700.99674,31.96774194
2021/7/30,42094.78,31.93548387
2021/7/29,39993.53,31.90322581
2021/7/28,39999.97,31.87096774
2021/7/27,39184.61,31.83870968
2021/7/26,37211.42,31.80645161
2021/7/25,35227.35,31.77419355
2021/7/24,34211.77,31.74193548
2021/7/23,33506.09382,31.70967742
2021/7/22,32338.55,31.67741935
2021/7/21,32142.94,31.64516129
2021/7/20,29759.93,31.61290323
2021/7/19,30851.95,31.58064516
2021/7/18,31813,31.5483871
2021/7/17,31570.17,31.51612903
2021/7/16,31385.55,31.48387097
2021/7/15,31641.44705,31.4516129
2021/7/14,32776.13963,31.41935484
2021/7/13,32567.57251,31.38709677
2021/7/12,33219.352,31.35483871
2021/7/11,34249.77404,31.32258065
2021/7/10,33548.81733,31.29032258
2021/7/9,33866.19638,31.25806452
2021/7/8,32837.96027,31.22580645
2021/7/7,33867.46512,31.19354839
2021/7/6,34106.80638,31.16129032
2021/7/5,33866.54475,31.12903226
2021/7/4,35312.38754,31.09677419
2021/7/3,34698.30313,31.06451613
2021/7/2,33846.00709,31.03225806
2021/7/1,33628.67,31
2021/6/30,35060.42897,31.46666667
2021/6/29,35840.38647,31.93333333
2021/6/28,34439.12,32.4
2021/6/27,34579.03,32.86666667
2021/6/26,31858.58,33.33333333
2021/6/25,31708.50893,33.8
2021/6/24,34580.35118,34.26666667
2021/6/23,33646.15,34.73333333
2021/6/22,32366.97,35.2
2021/6/21,31606.39,35.66666667
2021/6/20,35648.51716,36.13333333
2021/6/19,35635.38,36.6
2021/6/18,35577.47,37.06666667
2021/6/17,38082.08,37.53333333
2021/6/16,38290.04332,38
2021/6/15,40204.51,38.46666667
2021/6/14,40499.97,38.93333333
2021/6/13,38990,39.4
2021/6/12,35538.3,39.86666667
2021/6/11,37200.35,40.33333333
2021/6/10,36870.06,40.8
2021/6/9,37345.04492,41.26666667
2021/6/8,33369.13806,41.73333333
2021/6/7,33550.00408,42.2
2021/6/6,35781.01,42.66666667
2021/6/5,35510.26,43.13333333
2021/6/4,36908.14,43.6
2021/6/3,39152.71,44.06666667
2021/6/2,37622.43,44.53333333
2021/6/1,36606.39,45
2021/5/31,37303.75009,45.70967742
2021/5/30,35618.15758,46.41935484
2021/5/29,34523.41,47.12903226
2021/5/28,35670.7,47.83870968
2021/5/27,38479.69228,48.5483871
2021/5/26,39184.76165,49.25806452
2021/5/25,38165.78818,49.96774194
2021/5/24,38619.3971,50.67741935
2021/5/23,34834.68224,51.38709677
2021/5/22,37555,52.09677419
2021/5/21,37242.9427,52.80645161
2021/5/20,40389.77811,53.51612903
2021/5/19,36974.61474,54.22580645
2021/5/18,43019.7743,54.93548387
2021/5/17,43590.92217,55.64516129
2021/5/16,46395.05,56.35483871
2021/5/15,46786.61,57.06451613
2021/5/14,49884.92,57.77419355
2021/5/13,49655.62103,58.48387097
2021/5/12,50482.43448,59.19354839
2021/5/11,56721.83384,59.90322581
2021/5/10,55772.28125,60.61290323
2021/5/9,58169.72762,61.32258065
2021/5/8,58711.17203,62.03225806
2021/5/7,57339.55,62.74193548
2021/5/6,56484.49,63.4516129
2021/5/5,57338.36,64.16129032
2021/5/4,53329.38764,64.87096774
2021/5/3,57211.40864,65.58064516
2021/5/2,56563.76,66.29032258
2021/5/1,57793.51887,67
2021/4/30,57758.64693,66.53333333
2021/4/29,53610.42906,66.06666667
2021/4/28,54766.5393,65.6
2021/4/27,54924.0147,65.13333333
2021/4/26,53954.40657,64.66666667
2021/4/25,48987.68164,64.2
2021/4/24,50007.71595,63.73333333
2021/4/23,51020.04115,63.26666667
2021/4/22,51843.6798,62.8
2021/4/21,53889.33,62.33333333
2021/4/20,56363.62,61.86666667
2021/4/19,55653.24487,61.4
2021/4/18,56037.12872,60.93333333
2021/4/17,60078.27,60.46666667
2021/4/16,61504.76862,60
2021/4/15,63183.14,59.53333333
2021/4/14,62628.97594,59.06666667
2021/4/13,63528.48,58.6
2021/4/12,59940.53,58.13333333
2021/4/11,60018.28649,57.66666667
2021/4/10,59747.4368,57.2
2021/4/9,58159.44,56.73333333
2021/4/8,58019.88,56.26666667
2021/4/7,56073.47156,55.8
2021/4/6,58093.23833,55.33333333
2021/4/5,58777.73936,54.86666667
2021/4/4,58215.19,54.4
2021/4/3,57139.13796,53.93333333
2021/4/2,58963.3276,53.46666667
2021/4/1,58755.61518,53
2021/3/31,58719.45437,52.77419355
2021/3/30,58693.94856,52.5483871
2021/3/29,57664.85097,52.32258065
2021/3/28,55861.95,52.09677419
2021/3/27,55917.88011,51.87096774
2021/3/26,55002.76979,51.64516129
2021/3/25,51412.19201,51.41935484
2021/3/24,52584.7854,51.19354839
2021/3/23,54599.96181,50.96774194
2021/3/22,54249.99078,50.74193548
2021/3/21,57392.2057,50.51612903
2021/3/20,58219.82,50.29032258
2021/3/19,58091.62367,50.06451613
2021/3/18,57687.52056,49.83870968
2021/3/17,58711.97874,49.61290323
2021/3/16,56455.99844,49.38709677
2021/3/15,55723.94916,49.16129032
2021/3/14,59380.01894,48.93548387
2021/3/13,61297.99739,48.70967742
2021/3/12,57278.15502,48.48387097
2021/3/11,57633.69981,48.25806452
2021/3/10,55998.73927,48.03225806
2021/3/9,54759.46169,47.80645161
2021/3/8,52326.86244,47.58064516
2021/3/7,51409.22675,47.35483871
2021/3/6,48884.80043,47.12903226
2021/3/5,48901.91568,46.90322581
2021/3/4,48523.77958,46.67741935
2021/3/3,50593.57978,46.4516129
2021/3/2,48245.59608,46.22580645
2021/3/1,49557.93686,46
2021/2/28,44986.74483,46.71428571
2021/2/27,46202.31375,47.42857143
2021/2/26,46205.25772,48.14285714
2021/2/25,47372.37799,48.85714286
2021/2/24,49577.66705,49.57142857
2021/2/23,48514.38215,50.28571429
2021/2/22,54153.65519,51
2021/2/21,57367.94614,51.71428571
2021/2/20,56008.78744,52.42857143
2021/2/19,55795.15505,53.14285714
2021/2/18,51656.84687,53.85714286
2021/2/17,52127.62093,54.57142857
2021/2/16,49261.05077,55.28571429
2021/2/15,47981.97749,56
2021/2/14,48673.32971,56.71428571
2021/2/13,47056.76956,57.42857143
2021/2/12,47622.56892,58.14285714
2021/2/11,47680.42444,58.85714286
2021/2/10,44866.50228,59.57142857
2021/2/9,46511.52058,60.28571429
2021/2/8,46225.49641,61
2021/2/7,38888.63824,61.71428571
2021/2/6,39191.50755,62.42857143
2021/2/5,37945.96447,63.14285714
2021/2/4,36938.03487,63.85714286
2021/2/3,37551.93435,64.57142857
2021/2/2,35507.12771,65.28571429
2021/2/1,33513.4412,66
2021/1/31,33136.13947,65.93548387
2021/1/30,34333.10794,65.87096774
2021/1/29,34241.18685,65.80645161
2021/1/28,33117.57284,65.74193548
2021/1/27,30305.34378,65.67741935
2021/1/26,32577.7687,65.61290323
2021/1/25,32272.78384,65.5483871
2021/1/24,32261.74435,65.48387097
2021/1/23,32045.83959,65.41935484
2021/1/22,32836.13558,65.35483871
2021/1/21,30892.80236,65.29032258
2021/1/20,35636.11099,65.22580645
2021/1/19,36177.48749,65.16129032
2021/1/18,36714.8432,65.09677419
2021/1/17,35786.41703,65.03225806
2021/1/16,36178.18021,64.96774194
2021/1/15,36678.9504,64.90322581
2021/1/14,39304.68621,64.83870968
2021/1/13,37359.33216,64.77419355
2021/1/12,33949.39683,64.70967742
2021/1/11,35569.7227,64.64516129
2021/1/10,38299.0196,64.58064516
2021/1/9,40129.0005,64.51612903
2021/1/8,40703.29054,64.4516129
2021/1/7,39493.12851,64.38709677
2021/1/6,36904.21825,64.32258065
2021/1/5,33965.16042,64.25806452
2021/1/4,31973.83215,64.19354839
2021/1/3,32877.60728,64.12903226
2021/1/2,32093.26496,64.06451613
2021/1/1,29300.19094,64
2020/12/31,28977.96182,62.93548387
2020/12/30,28810.02049,61.87096774
2020/12/29,27392.54055,60.80645161
2020/12/28,27147.36675,59.74193548
2020/12/27,26326.48184,58.67741935
2020/12/26,26446.97357,57.61290323
2020/12/25,24652.03652,56.5483871
2020/12/24,23733.03049,55.48387097
2020/12/23,23261.7852,54.41935484
2020/12/22,23801.64017,53.35483871
2020/12/21,22882.15792,52.29032258
2020/12/20,23516.40283,51.22580645
2020/12/19,23844.56807,50.16129032
2020/12/18,23113.99259,49.09677419
2020/12/17,22823.45909,48.03225806
2020/12/16,21367.09631,46.96774194
2020/12/15,19434.07031,45.90322581
2020/12/14,19270.74681,44.83870968
2020/12/13,19169.33845,43.77419355
2020/12/12,18804.79471,42.70967742
2020/12/11,18062.11899,41.64516129
2020/12/10,18261.87845,40.58064516
2020/12/9,18569.9877,39.51612903
2020/12/8,18325.0542,38.4516129
2020/12/7,19190.03778,37.38709677
2020/12/6,19336.69255,36.32258065
2020/12/5,19127.65682,35.25806452
2020/12/4,18737.19266,34.19354839
2020/12/3,19427.95496,33.12903226
2020/12/2,19201.27613,32.06451613
2020/12/1,18855.04374,31
2020/11/30,19721.87473,30.76666667
2020/11/29,18162.12347,30.53333333
2020/11/28,17707.71579,30.3
2020/11/27,17076.84202,30.06666667
2020/11/26,17072.81034,29.83333333
2020/11/25,18770.2021,29.6
2020/11/24,19121.51141,29.36666667
2020/11/23,18374.45258,29.13333333
2020/11/22,18413.52697,28.9
2020/11/21,18709.05738,28.66666667
2020/11/20,18641.28503,28.43333333
2020/11/19,17806.27692,28.2
2020/11/18,17827.83915,27.96666667
2020/11/17,17683.75928,27.73333333
2020/11/16,16725.11073,27.5
2020/11/15,15961.34579,27.26666667
2020/11/14,16083.58805,27.03333333
2020/11/13,16316.13726,26.8
2020/11/12,16279.27054,26.56666667
2020/11/11,15687.48025,26.33333333
2020/11/10,15280.16349,26.1
2020/11/9,15326.15685,25.86666667
2020/11/8,15499.08129,25.63333333
2020/11/7,14821.98325,25.4
2020/11/6,15547.05255,25.16666667
2020/11/5,15558.52541,24.93333333
2020/11/4,14132.96094,24.7
2020/11/3,13973.24888,24.46666667
2020/11/2,13576.96848,24.23333333
2020/11/1,13735.00686,24
2020/10/31,13795.52655,23.70967742
2020/10/30,13568.83725,23.41935484
2020/10/29,13443.53152,23.12903226
2020/10/28,13275.48126,22.83870968
2020/10/27,13651.54051,22.5483871
2020/10/26,13065.53603,22.25806452
2020/10/25,13020.81172,21.96774194
2020/10/24,13117.17473,21.67741935
2020/10/23,12929.02218,21.38709677
2020/10/22,12958.53719,21.09677419
2020/10/21,12808.79595,20.80645161
2020/10/20,11910.24211,20.51612903
2020/10/19,11748.37678,20.22580645
2020/10/18,11490.01581,19.93548387
2020/10/17,11368.48474,19.64516129
2020/10/16,11312.66278,19.35483871
2020/10/15,11492.6159,19.06451613
2020/10/14,11426.36748,18.77419355
2020/10/13,11423.48002,18.48387097
2020/10/12,11544.13764,18.19354839
2020/10/11,11376.43511,17.90322581
2020/10/10,11294.99419,17.61290323
2020/10/9,11066.19087,17.32258065
2020/10/8,10898.55184,17.03225806
2020/10/7,10665.25226,16.74193548
2020/10/6,10604.44685,16.4516129
2020/10/5,10784.67082,16.16129032
2020/10/4,10665.69855,15.87096774
2020/10/3,10541.32189,15.58064516
2020/10/2,10566.49438,15.29032258
2020/10/1,10614.30333,15
2020/9/30,10766.81409,14.93333333
2020/9/29,10839.96268,14.86666667
2020/9/28,10702.47283,14.8
2020/9/27,10766.52245,14.73333333
2020/9/26,10739.74258,14.66666667
2020/9/25,10683.39523,14.6
2020/9/24,10731.5324,14.53333333
2020/9/23,10231.05131,14.46666667
2020/9/22,10531.35154,14.4
2020/9/21,10427.87773,14.33333333
2020/9/20,10914.68741,14.26666667
2020/9/19,11076.85089,14.2
2020/9/18,10916.97092,14.13333333
2020/9/17,10934.41967,14.06666667
2020/9/16,10946.92123,14
2020/9/15,10782.9998,13.93333333
2020/9/14,10665.11372,13.86666667
2020/9/13,10315.66641,13.8
2020/9/12,10438.37739,13.73333333
2020/9/11,10374.77815,13.66666667
2020/9/10,10334.63865,13.6
2020/9/9,10214.15437,13.53333333
2020/9/8,10112.20637,13.46666667
2020/9/7,10356.44438,13.4
2020/9/6,10257.22974,13.33333333
2020/9/5,10129.78665,13.26666667
2020/9/4,10473.51945,13.2
2020/9/3,10215.66996,13.13333333
2020/9/2,11399.14897,13.06666667
2020/9/1,11921.75492,13
2020/8/31,11655.9987,13.06451613
2020/8/30,11697.79437,13.12903226
2020/8/29,11485.10157,13.19354839
2020/8/28,11496.83022,13.25806452
2020/8/27,11311.2402,13.32258065
2020/8/26,11463.56797,13.38709677
2020/8/25,11361.55482,13.4516129
2020/8/24,11763.76171,13.51612903
2020/8/23,11653.40729,13.58064516
2020/8/22,11681.15793,13.64516129
2020/8/21,11530.91923,13.70967742
2020/8/20,11866.59519,13.77419355
2020/8/19,11732.40557,13.83870968
2020/8/18,11961.9946,13.90322581
2020/8/17,12285.93663,13.96774194
2020/8/16,11892.68092,14.03225806
2020/8/15,11865.38305,14.09677419
2020/8/14,11742.87637,14.16129032
2020/8/13,11763.00914,14.22580645
2020/8/12,11576.81427,14.29032258
2020/8/11,11395.40582,14.35483871
2020/8/10,11867.86649,14.41935484
2020/8/9,11648.08317,14.48387097
2020/8/8,11728.58523,14.5483871
2020/8/7,11583.15927,14.61290323
2020/8/6,11780.28537,14.67741935
2020/8/5,11732.92795,14.74193548
2020/8/4,11194.55461,14.80645161
2020/8/3,11246.25548,14.87096774
2020/8/2,11073.60766,14.93548387
2020/8/1,11800.38987,15
2020/7/31,11334.58547,14.96774194
2020/7/30,11109.23106,14.93548387
2020/7/29,11073.29788,14.90322581
2020/7/28,10895.73396,14.87096774
2020/7/27,10996.5366,14.83870968
2020/7/26,9917.359474,14.80645161
2020/7/25,9686.120716,14.77419355
2020/7/24,9545.046629,14.74193548
2020/7/23,9592.963304,14.70967742
2020/7/22,9518.901022,14.67741935
2020/7/21,9385.174346,14.64516129
2020/7/20,9164.069789,14.61290323
2020/7/19,9207.816996,14.58064516
2020/7/18,9170.802681,14.5483871
2020/7/17,9155.773355,14.51612903
2020/7/16,9137.239203,14.48387097
2020/7/15,9206.764838,14.4516129
2020/7/14,9254.204474,14.41935484
2020/7/13,9247.107825,14.38709677
2020/7/12,9286.726085,14.35483871
2020/7/11,9231.3201,14.32258065
2020/7/10,9278.447734,14.29032258
2020/7/9,9240.366176,14.25806452
2020/7/8,9420.350155,14.22580645
2020/7/7,9252.35518,14.19354839
2020/7/6,9342.540316,14.16129032
2020/7/5,9072.772592,14.12903226
2020/7/4,9127.518467,14.09677419
2020/7/3,9065.577985,14.06451613
2020/7/2,9084.054479,14.03225806
2020/7/1,9225.668161,14
2020/6/30,9145.560607,13.96666667
2020/6/29,9180.159026,13.93333333
2020/6/28,9118.117533,13.9
2020/6/27,9014.224272,13.86666667
2020/6/26,9165.503578,13.83333333
2020/6/25,9254.748296,13.8
2020/6/24,9289.303605,13.76666667
2020/6/23,9614.943606,13.73333333
2020/6/22,9685.845287,13.7
2020/6/21,9289.8938,13.66666667
2020/6/20,9348.977142,13.63333333
2020/6/19,9305.901805,13.6
2020/6/18,9401.552893,13.56666667
2020/6/17,9463.405493,13.53333333
2020/6/16,9520.484681,13.5
2020/6/15,9421.65218,13.46666667
2020/6/14,9352.845602,13.43333333
2020/6/13,9463.820529,13.4
2020/6/12,9460.375485,13.36666667
2020/6/11,9314.37816,13.33333333
2020/6/10,9864.561413,13.3
2020/6/9,9769.869088,13.26666667
2020/6/8,9773.301577,13.23333333
2020/6/7,9742.573822,13.2
2020/6/6,9662.323105,13.16666667
2020/6/5,9641.917175,13.13333333
2020/6/4,9803.990306,13.1
2020/6/3,9652.629014,13.06666667
2020/6/2,9538.727853,13.03333333
2020/6/1,10177.77035,13
2020/5/31,9449.860914,13.25806452
2020/5/30,9693.552427,13.51612903
2020/5/29,9418.13384,13.77419355
2020/5/28,9536.159369,14.03225806
2020/5/27,9165.144674,14.29032258
2020/5/26,8850.3542,14.5483871
2020/5/25,8897.213209,14.80645161
2020/5/24,8791.793685,15.06451613
2020/5/23,9180.527997,15.32258065
2020/5/22,9160.70542,15.58064516
2020/5/21,9073.693079,15.83870968
2020/5/20,9524.434064,16.09677419
2020/5/19,9761.178765,16.35483871
2020/5/18,9733.739137,16.61290323
2020/5/17,9667.578397,16.87096774
2020/5/16,9380.484219,17.12903226
2020/5/15,9293.972171,17.38709677
2020/5/14,9772.561576,17.64516129
2020/5/13,9302.896541,17.90322581
2020/5/12,8792.063768,18.16129032
2020/5/11,8593.856494,18.41935484
2020/5/10,8745.152545,18.67741935
2020/5/9,9570.005988,18.93548387
2020/5/8,9822.885629,19.19354839
2020/5/7,9968.105282,19.4516129
2020/5/6,9198.252701,19.70967742
2020/5/5,8967.997704,19.96774194
2020/5/4,8883.306781,20.22580645
2020/5/3,8894.362675,20.48387097
2020/5/2,8974.922892,20.74193548
2020/5/1,8832.981251,21
2020/4/30,8607.329832,20.83333333
2020/4/29,8759.78919,20.66666667
2020/4/28,7754.222426,20.5
2020/4/27,7766.689761,20.33333333
2020/4/26,7665.828318,20.16666667
2020/4/25,7535.263897,20
2020/4/24,7497.353393,19.83333333
2020/4/23,7464.891127,19.66666667
2020/4/22,7106.551177,19.5
2020/4/21,6851.005362,19.33333333
2020/4/20,6856.785953,19.16666667
2020/4/19,7133.148679,19
2020/4/18,7233.157423,18.83333333
2020/4/17,7034.540358,18.66666667
2020/4/16,7088.799492,18.5
2020/4/15,6637.791816,18.33333333
2020/4/14,6856.179094,18.16666667
2020/4/13,6837.42254,18
2020/4/12,6977.230636,17.83333333
2020/4/11,6869.586552,17.66666667
2020/4/10,6859.833737,17.5
2020/4/9,7293.58436,17.33333333
2020/4/8,7352.328771,17.16666667
2020/4/7,7198.770192,17
2020/4/6,7279.161792,16.83333333
2020/4/5,6789.732165,16.66666667
2020/4/4,6847.730055,16.5
2020/4/3,6733.747735,16.33333333
2020/4/2,6807.465142,16.16666667
2020/4/1,6598.287015,16
2020/3/31,6431.262413,16.12903226
2020/3/30,6424.078447,16.25806452
2020/3/29,5917.297073,16.38709677
2020/3/28,6239.838832,16.51612903
2020/3/27,6377.749564,16.64516129
2020/3/26,6736.291779,16.77419355
2020/3/25,6681.336594,16.90322581
2020/3/24,6736.044984,17.03225806
2020/3/23,6467.459038,17.16129032
2020/3/22,5843.158786,17.29032258
2020/3/21,6149.798351,17.41935484
2020/3/20,6192.309975,17.5483871
2020/3/19,6160.004718,17.67741935
2020/3/18,5365.581534,17.80645161
2020/3/17,5362.320407,17.93548387
2020/3/16,5022.578106,18.06451613
2020/3/15,5381.745247,18.19354839
2020/3/14,5212.979298,18.32258065
2020/3/13,5518.647281,18.4516129
2020/3/12,4724.392684,18.58064516
2020/3/11,7931.347543,18.70967742
2020/3/10,7900.821326,18.83870968
2020/3/9,7915.672115,18.96774194
2020/3/8,8042.736084,19.09677419
2020/3/7,8898.942078,19.22580645
2020/3/6,9129.266628,19.35483871
2020/3/5,9051.139212,19.48387097
2020/3/4,8749.500222,19.61290323
2020/3/3,8772.476037,19.74193548
2020/3/2,8900.06855,19.87096774
2020/3/1,8557.504358,20
2020/2/29,8569.467785,19.79310345
2020/2/28,8731.610771,19.5862069
2020/2/27,8775.595016,19.37931034
2020/2/26,8829.543593,19.17241379
2020/2/25,9358.38862,18.96551724
2020/2/24,9664.370232,18.75862069
2020/2/23,9923.65932,18.55172414
2020/2/22,9667.521623,18.34482759
2020/2/21,9683.453206,18.13793103
2020/2/20,9612.392632,17.93103448
2020/2/19,9621.766806,17.72413793
2020/2/18,10144.8965,17.51724138
2020/2/17,9711.996028,17.31034483
2020/2/16,9969.23568,17.10344828
2020/2/15,9903.077897,16.89655172
2020/2/14,10327.51233,16.68965517
2020/2/13,10225.41526,16.48275862
2020/2/12,10327.55459,16.27586207
2020/2/11,10229.7009,16.06896552
2020/2/10,9869.436912,15.86206897
2020/2/9,10128.75028,15.65517241
2020/2/8,9899.911944,15.44827586
2020/2/7,9820.295542,15.24137931
2020/2/6,9754.078412,15.03448276
2020/2/5,9602.309743,14.82758621
2020/2/4,9187.070016,14.62068966
2020/2/3,9302.362658,14.4137931
2020/2/2,9339.574889,14.20689655
2020/2/1,9386.105652,14
2020/1/31,9336.132885,13.96774194
2020/1/30,9503.268,13.93548387
2020/1/29,9304.918064,13.90322581
2020/1/28,9334.836393,13.87096774
2020/1/27,8895.603628,13.83870968
2020/1/26,8591.002876,13.80645161
2020/1/25,8366.208771,13.77419355
2020/1/24,8440.287026,13.74193548
2020/1/23,8391.607957,13.70967742
2020/1/22,8672.801079,13.67741935
2020/1/21,8747.38185,13.64516129
2020/1/20,8639.19622,13.61290323
2020/1/19,8697.342225,13.58064516
2020/1/18,8929.544857,13.5483871
2020/1/17,8921.648281,13.51612903
2020/1/16,8722.037088,13.48387097
2020/1/15,8807.632434,13.4516129
2020/1/14,8838.564862,13.41935484
2020/1/13,8116.96951,13.38709677
2020/1/12,8164.590608,13.35483871
2020/1/11,8024.791559,13.32258065
2020/1/10,8160.413567,13.29032258
2020/1/9,7829.06324,13.25806452
2020/1/8,8055.759827,13.22580645
2020/1/7,8155.216395,13.19354839
2020/1/6,7764.21795,13.16129032
2020/1/5,7352.362745,13.12903226
2020/1/4,7358.491964,13.09677419
2020/1/3,7317.184074,13.06451613
2020/1/2,6968.274896,13.03225806
2020/1/1,7213.918462,13
2019/12/31,7202.624251,12.93548387
2019/12/30,7245.988923,12.87096774
2019/12/29,7386.37606,12.80645161
2019/12/28,7312.04457,12.74193548
2019/12/27,7246.422425,12.67741935
2019/12/26,7211.341194,12.61290323
2019/12/25,7205.380688,12.5483871
2019/12/24,7240.620333,12.48387097
2019/12/23,7329.609334,12.41935484
2019/12/22,7482.961456,12.35483871
2019/12/21,7138.888884,12.29032258
2019/12/20,7185.155244,12.22580645
2019/12/19,7150.376098,12.16129032
2019/12/18,7275.754884,12.09677419
2019/12/17,6624.129258,12.03225806
2019/12/16,6902.888388,11.96774194
2019/12/15,7120.922418,11.90322581
2019/12/14,7078.955219,11.83870968
2019/12/13,7255.126877,11.77419355
2019/12/12,7202.460793,11.70967742
2019/12/11,7199.716155,11.64516129
2019/12/10,7233.814525,11.58064516
2019/12/9,7350.418118,11.51612903
2019/12/8,7516.676668,11.4516129
2019/12/7,7496.125958,11.38709677
2019/12/6,7532.610987,11.32258065
2019/12/5,7386.510063,11.25806452
2019/12/4,7216.456163,11.19354839
2019/12/3,7300.208311,11.12903226
2019/12/2,7315.108657,11.06451613
2019/12/1,7417.184162,11
2019/11/30,7548.613483,11.03333333
2019/11/29,7740.415549,11.06666667
2019/11/28,7442.795358,11.1
2019/11/27,7502.033156,11.13333333
2019/11/26,7169.264738,11.16666667
2019/11/25,7133.946458,11.2
2019/11/24,6932.313157,11.23333333
2019/11/23,7316.797515,11.26666667
2019/11/22,7290.351828,11.3
2019/11/21,7631.016803,11.33333333
2019/11/20,8097.187492,11.36666667
2019/11/19,8134.76958,11.4
2019/11/18,8211.789693,11.43333333
2019/11/17,8503.049435,11.46666667
2019/11/16,8497.411045,11.5
2019/11/15,8474.539002,11.53333333
2019/11/14,8662.422431,11.56666667
2019/11/13,8785.801623,11.6
2019/11/12,8801.603779,11.63333333
2019/11/11,8732.154123,11.66666667
2019/11/10,9043.004449,11.7
2019/11/9,8818.432264,11.73333333
2019/11/8,8791.640946,11.76666667
2019/11/7,9219.011987,11.8
2019/11/6,9329.520807,11.83333333
2019/11/5,9311.283797,11.86666667
2019/11/4,9389.905541,11.9
2019/11/3,9205.743201,11.93333333
2019/11/2,9290.257019,11.96666667
2019/11/1,9225.753942,12
2019/10/31,9154.923648,12
2019/10/30,9162.391745,12
2019/10/29,9411.885318,12
2019/10/28,9234.267439,12
2019/10/27,9544.094411,12
2019/10/26,9235.929531,12
2019/10/25,8651.13445,12
2019/10/24,7440.037915,12
2019/10/23,7469.521063,12
2019/10/22,8040.006229,12
2019/10/21,8212.771665,12
2019/10/20,8202.005473,12
2019/10/19,7950.124308,12
2019/10/18,7955.464771,12
2019/10/17,8075.178241,12
2019/10/16,8008.809279,12
2019/10/15,8174.781558,12
2019/10/14,8347.201506,12
2019/10/13,8294.599727,12
2019/10/12,8314.921537,12
2019/10/11,8272.024051,12
2019/10/10,8556.950238,12
2019/10/9,8572.837276,12
2019/10/8,8189.796865,12
2019/10/7,8196.15196,12
2019/10/6,7876.455218,12
2019/10/5,8130.134393,12
2019/10/4,8155.655359,12
2019/10/3,8232.129998,12
2019/10/2,8361.919233,12
2019/10/1,8294.743597,12
2019/9/30,8269.028682,12.03333333
2019/9/29,8068.668738,12.06666667
2019/9/28,8208.595988,12.1
2019/9/27,8183.569872,12.13333333
2019/9/26,8077.936354,12.16666667
2019/9/25,8439.84619,12.2
2019/9/24,8588.424906,12.23333333
2019/9/23,9719.397019,12.26666667
2019/9/22,10050.18754,12.3
2019/9/21,10006.06533,12.33333333
2019/9/20,10179.86223,12.36666667
2019/9/19,10241.6088,12.4
2019/9/18,10164.1019,12.43333333
2019/9/17,10208.16582,12.46666667
2019/9/16,10268.65798,12.5
2019/9/15,10313.44353,12.53333333
2019/9/14,10353.5498,12.56666667
2019/9/13,10346.59919,12.6
2019/9/12,10387.51484,12.63333333
2019/9/11,10159.72047,12.66666667
2019/9/10,10132.5448,12.7
2019/9/9,10322.05761,12.73333333
2019/9/8,10410.18764,12.76666667
2019/9/7,10477.09484,12.8
2019/9/6,10339.45563,12.83333333
2019/9/5,10574.49954,12.86666667
2019/9/4,10578.32021,12.9
2019/9/3,10603.09546,12.93333333
2019/9/2,10329.85905,12.96666667
2019/9/1,9716.72191,13
2019/8/31,9609.787647,13.06451613
2019/8/30,9582.255358,13.12903226
2019/8/29,9493.755389,13.19354839
2019/8/28,9759.791528,13.25806452
2019/8/27,10219.41337,13.32258065
2019/8/26,10374.87662,13.38709677
2019/8/25,10118.39958,13.4516129
2019/8/24,10142.8394,13.51612903
2019/8/23,10385.50755,13.58064516
2019/8/22,10123.99448,13.64516129
2019/8/21,10136.96462,13.70967742
2019/8/20,10751.85732,13.77419355
2019/8/19,10890.2538,13.83870968
2019/8/18,10331.46711,13.90322581
2019/8/17,10220.07017,13.96774194
2019/8/16,10344.50799,14.03225806
2019/8/15,10296.60027,14.09677419
2019/8/14,10010.24994,14.16129032
2019/8/13,10920.98031,14.22580645
2019/8/12,11398.76219,14.29032258
2019/8/11,11555.7759,14.35483871
2019/8/10,11342.4686,14.41935484
2019/8/9,11857.84447,14.48387097
2019/8/8,12019.25536,14.5483871
2019/8/7,11976.65483,14.61290323
2019/8/6,11497.06268,14.67741935
2019/8/5,11782.65214,14.74193548
2019/8/4,10948.18762,14.80645161
2019/8/3,10806.81707,14.87096774
2019/8/2,10523.94638,14.93548387
2019/8/1,10365.98473,15
2019/7/31,10080.08612,15.12903226
2019/7/30,9581.211678,15.25806452
2019/7/29,9533.58041,15.38709677
2019/7/28,9545.094701,15.51612903
2019/7/27,9464.997729,15.64516129
2019/7/26,9845.987422,15.77419355
2019/7/25,9904.696184,15.90322581
2019/7/24,9807.414231,16.03225806
2019/7/23,9916.381214,16.16129032
2019/7/22,10338.58841,16.29032258
2019/7/21,10596.3557,16.41935484
2019/7/20,10764.70085,16.5483871
2019/7/19,10511.69548,16.67741935
2019/7/18,10629.02333,16.80645161
2019/7/17,9643.714736,16.93548387
2019/7/16,9499.558669,17.06451613
2019/7/15,10885.58845,17.19354839
2019/7/14,10288.85312,17.32258065
2019/7/13,11397.16143,17.4516129
2019/7/12,11776.08244,17.58064516
2019/7/11,11376.67939,17.70967742
2019/7/10,12147.69776,17.83870968
2019/7/9,12545.44522,17.96774194
2019/7/8,12248.87413,18.09677419
2019/7/7,11441.6227,18.22580645
2019/7/6,11266.40134,18.35483871
2019/7/5,10980.08333,18.48387097
2019/7/4,11221.25556,18.61290323
2019/7/3,11943.62984,18.74193548
2019/7/2,10818.18812,18.87096774
2019/7/1,10638.00327,19
2019/6/30,10912.25593,19.03333333
2019/6/29,12097.56779,19.06666667
2019/6/28,12482.40996,19.1
2019/6/27,11237.07665,19.13333333
2019/6/26,13112.78254,19.16666667
2019/6/25,11810.12783,19.2
2019/6/24,11013.9636,19.23333333
2019/6/23,10880.05131,19.26666667
2019/6/22,10719.8078,19.3
2019/6/21,10162.2037,19.33333333
2019/6/20,9589.390555,19.36666667
2019/6/19,9311.883212,19.4
2019/6/18,9125.090764,19.43333333
2019/6/17,9328.082236,19.46666667
2019/6/16,9025.723642,19.5
2019/6/15,8859.597054,19.53333333
2019/6/14,8696.970843,19.56666667
2019/6/13,8286.913174,19.6
2019/6/12,8159.590369,19.63333333
2019/6/11,7962.75633,19.66666667
2019/6/10,8000.570019,19.7
2019/6/9,7750.808728,19.73333333
2019/6/8,7974.683977,19.76666667
2019/6/7,8070.900978,19.8
2019/6/6,7846.273224,19.83333333
2019/6/5,7860.506171,19.86666667
2019/6/4,7760.011058,19.9
2019/6/3,8362.955081,19.93333333
2019/6/2,8781.231373,19.96666667
2019/6/1,8596.109824,20
2019/5/31,8606.278615,19.87096774
2019/5/30,8380.8684,19.74193548
2019/5/29,8672.985373,19.61290323
2019/5/28,8721.615742,19.48387097
2019/5/27,8857.096556,19.35483871
2019/5/26,8736.628564,19.22580645
2019/5/25,8104.732046,19.09677419
2019/5/24,8021.477876,18.96774194
2019/5/23,7919.729554,18.83870968
2019/5/22,7744.861887,18.70967742
2019/5/21,7984.314133,18.58064516
2019/5/20,8004.459954,18.4516129
2019/5/19,8186.662732,18.32258065
2019/5/18,7332.609911,18.19354839
2019/5/17,7382.337789,18.06451613
2019/5/16,7918.875905,17.93548387
2019/5/15,8181.247379,17.80645161
2019/5/14,8028.236494,17.67741935
2019/5/13,7813.193116,17.5483871
2019/5/12,6992.035884,17.41935484
2019/5/11,7235.877636,17.29032258
2019/5/10,6386.69149,17.16129032
2019/5/9,6187.660821,17.03225806
2019/5/8,5973.935496,16.90322581
2019/5/7,5855.204284,16.77419355
2019/5/6,5742.76254,16.64516129
2019/5/5,5779.333069,16.51612903
2019/5/4,5820.358392,16.38709677
2019/5/3,5734.732074,16.25806452
2019/5/2,5485.782605,16.12903226
2019/5/1,5388.818933,16
2019/4/30,5305.984482,15.86666667
2019/4/29,5258.677411,15.73333333
2019/4/28,5293.938256,15.6
2019/4/27,5274.514196,15.46666667
2019/4/26,5264.272698,15.33333333
2019/4/25,5241.366292,15.2
2019/4/24,5484.270138,15.06666667
2019/4/23,5591.933563,14.93333333
2019/4/22,5417.509437,14.8
2019/4/21,5349.866311,14.66666667
2019/4/20,5363.756655,14.53333333
2019/4/19,5317.96215,14.4
2019/4/18,5309.256996,14.26666667
2019/4/17,5271.109695,14.13333333
2019/4/16,5280.621478,14
2019/4/15,5114.800176,13.86666667
2019/4/14,5187.562408,13.73333333
2019/4/13,5132.674495,13.6
2019/4/12,5090.026913,13.46666667
2019/4/11,5055.483612,13.33333333
2019/4/10,5334.165462,13.2
2019/4/9,5235.702336,13.06666667
2019/4/8,5303.985429,12.93333333
2019/4/7,5212.309923,12.8
2019/4/6,5066.740036,12.66666667
2019/4/5,5029.810426,12.53333333
2019/4/4,4924.082434,12.4
2019/4/3,4981.380899,12.26666667
2019/4/2,4888.060145,12.13333333
2019/4/1,4202.12515,12
2019/3/31,4202.588398,11.90322581
2019/3/30,4164.62132,11.80645161
2019/3/29,4128.954216,11.70967742
2019/3/28,4061.003062,11.61290323
2019/3/27,4069.689197,11.51612903
2019/3/26,3980.620043,11.41935484
2019/3/25,3969.701717,11.32258065
2019/3/24,4024.480056,11.22580645
2019/3/23,4034.593702,11.12903226
2019/3/22,4017.939706,11.03225806
2019/3/21,4024.283202,10.93548387
2019/3/20,4075.319877,10.83870968
2019/3/19,4039.787114,10.74193548
2019/3/18,4020.470962,10.64516129
2019/3/17,4007.16692,10.5483871
2019/3/16,4024.229285,10.4516129
2019/3/15,3928.041329,10.35483871
2019/3/14,3900.376687,10.25806452
2019/3/13,3895.619863,10.16129032
2019/3/12,3901.113915,10.06451613
2019/3/11,3879.103312,9.967741935
2019/3/10,3902.806463,9.870967742
2019/3/9,3931.895283,9.774193548
2019/3/8,3872.141156,9.677419355
2019/3/7,3888.248904,9.580645161
2019/3/6,3873.668096,9.483870968
2019/3/5,3855.002805,9.387096774
2019/3/4,3755.244534,9.290322581
2019/3/3,3881.076222,9.193548387
2019/3/2,3848.655865,9.096774194
2019/3/1,3834.29029,9
2019/2/28,3845.258313,9
2019/2/27,3841.615656,9
2019/2/26,3842.992707,9
2019/2/25,3868.161644,9
2019/2/24,3807.506664,9
2019/2/23,4123.668789,9
2019/2/22,3970.590294,9
2019/2/21,3894.540736,9
2019/2/20,3918.389586,9
2019/2/19,3893.270397,9
2019/2/18,3858.949361,9
2019/2/17,3630.269019,9
2019/2/16,3599.138222,9
2019/2/15,3596.820722,9
2019/2/14,3577.37136,9
2019/2/13,3590.146721,9
2019/2/12,3608.145569,9
2019/2/11,3615.96957,9
2019/2/10,3663.532767,9
2019/2/9,3648.622398,9
2019/2/8,3632.621064,9
2019/2/7,3382.947414,9
2019/2/6,3405.558944,9
2019/2/5,3463.442822,9
2019/2/4,3453.032184,9
2019/2/3,3451.480647,9
2019/2/2,3502.072823,9
2019/2/1,3474.400614,9
2019/1/31,3447.812769,9.032258065
2019/1/30,3470.82826,9.064516129
2019/1/29,3438.806393,9.096774194
2019/1/28,3462.059067,9.129032258
2019/1/27,3575.695347,9.161290323
2019/1/26,3595.147524,9.193548387
2019/1/25,3590.982706,9.225806452
2019/1/24,3601.873911,9.258064516
2019/1/23,3592.901431,9.290322581
2019/1/22,3608.383962,9.322580645
2019/1/21,3547.119997,9.35483871
2019/1/20,3583.507436,9.387096774
2019/1/19,3735.953787,9.419354839
2019/1/18,3653.185376,9.451612903
2019/1/17,3684.253015,9.483870968
2019/1/16,3658.24673,9.516129032
2019/1/15,3640.207439,9.548387097
2019/1/14,3705.942606,9.580645161
2019/1/13,3553.227143,9.612903226
2019/1/12,3668.24992,9.64516129
2019/1/11,3678.691684,9.677419355
2019/1/10,3673.215707,9.709677419
2019/1/9,4032.575391,9.741935484
2019/1/8,4030.989306,9.774193548
2019/1/7,4036.958448,9.806451613
2019/1/6,4085.907582,9.838709677
2019/1/5,3866.004564,9.870967742
2019/1/4,3877.816632,9.903225806
2019/1/3,3843.99664,9.935483871
2019/1/2,3938.625961,9.967741935
2019/1/1,3851.181614,10
2018/12/31,3746.123953,10.09677419
2018/12/30,3863.165984,10.19354839
2018/12/29,3832.098961,10.29032258
2018/12/28,3902.734263,10.38709677
2018/12/27,3651.165346,10.48387097
2018/12/26,3833.455304,10.58064516
2018/12/25,3789.436638,10.67741935
2018/12/24,4049.134022,10.77419355
2018/12/23,3980.147519,10.87096774
2018/12/22,3985.947865,10.96774194
2018/12/21,3872.495182,11.06451613
2018/12/20,4103.258582,11.16129032
2018/12/19,3719.296166,11.25806452
2018/12/18,3671.041341,11.35483871
2018/12/17,3520.00734,11.4516129
2018/12/16,3259.040242,11.5483871
2018/12/15,3244.865925,11.64516129
2018/12/14,3236.70091,11.74193548
2018/12/13,3314.351766,11.83870968
2018/12/12,3471.915387,11.93548387
2018/12/11,3394.218703,12.03225806
2018/12/10,3464.835871,12.12903226
2018/12/9,3586.572261,12.22580645
2018/12/8,3465.344049,12.32258065
2018/12/7,3424.127676,12.41935484
2018/12/6,3530.420581,12.51612903
2018/12/5,3778.6441,12.61290323
2018/12/4,3959.996646,12.70967742
2018/12/3,3905.390427,12.80645161
2018/12/2,4143.979048,12.90322581
2018/12/1,4208.469723,13
2018/11/30,4030.044494,13.03333333
2018/11/29,4295.392323,13.06666667
2018/11/28,4256.464556,13.1
2018/11/27,3835.01659,13.13333333
2018/11/26,3801.729367,13.16666667
2018/11/25,4008.329436,13.2
2018/11/24,3894.620254,13.23333333
2018/11/23,4374.323227,13.26666667
2018/11/22,4377.54577,13.3
2018/11/21,4609.512684,13.33333333
2018/11/20,4470.864068,13.36666667
2018/11/19,4893.020433,13.4
2018/11/18,5647.479577,13.43333333
2018/11/17,5631.540424,13.46666667
2018/11/16,5627.478697,13.5
2018/11/15,5654.723204,13.53333333
2018/11/14,5747.076679,13.56666667
2018/11/13,6371.367486,13.6
2018/11/12,6364.393922,13.63333333
2018/11/11,6407.676509,13.66666667
2018/11/10,6399.518804,13.7
2018/11/9,6397.943423,13.73333333
2018/11/8,6468.139286,13.76666667
2018/11/7,6526.820154,13.8
2018/11/6,6428.294585,13.83333333
2018/11/5,6413.987438,13.86666667
2018/11/4,6456.241631,13.9
2018/11/3,6387.91703,13.93333333
2018/11/2,6407.751479,13.96666667
2018/11/1,6368.306136,14
2018/10/31,6298.837501,13.87096774
2018/10/30,6284.585339,13.74193548
2018/10/29,6252.273571,13.61290323
2018/10/28,6406.221101,13.48387097
2018/10/27,6416.188305,13.35483871
2018/10/26,6416.405872,13.22580645
2018/10/25,6420.365573,13.09677419
2018/10/24,6433.06548,12.96774194
2018/10/23,6423.905004,12.83870968
2018/10/22,6466.252678,12.70967742
2018/10/21,6475.861332,12.58064516
2018/10/20,6461.901011,12.4516129
2018/10/19,6455.39574,12.32258065
2018/10/18,6479.295676,12.19354839
2018/10/17,6520.256441,12.06451613
2018/10/16,6552.077685,11.93548387
2018/10/15,6576.759501,11.80645161
2018/10/14,6321.811255,11.67741935
2018/10/13,6325.159139,11.5483871
2018/10/12,6293.90483,11.41935484
2018/10/11,6252.437099,11.29032258
2018/10/10,6599.428021,11.16129032
2018/10/9,6646.658367,11.03225806
2018/10/8,6657.272478,10.90322581
2018/10/7,6595.637642,10.77419355
2018/10/6,6590.995726,10.64516129
2018/10/5,6626.550323,10.51612903
2018/10/4,6574.045632,10.38709677
2018/10/3,6505.256156,10.25806452
2018/10/2,6534.415121,10.12903226
2018/10/1,6596.018098,10
2018/9/30,6619.480812,10.03333333
2018/9/29,6600.212125,10.06666667
2018/9/28,6641.955563,10.1
2018/9/27,6676.851173,10.13333333
2018/9/26,6479.083948,10.16666667
2018/9/25,6438.627759,10.2
2018/9/24,6586.794102,10.23333333
2018/9/23,6709.838127,10.26666667
2018/9/22,6707.238115,10.3
2018/9/21,6744.696981,10.33333333
2018/9/20,6497.019131,10.36666667
2018/9/19,6397.127392,10.4
2018/9/18,6363.858467,10.43333333
2018/9/17,6274.229074,10.46666667
2018/9/16,6512.152478,10.5
2018/9/15,6537.211073,10.53333333
2018/9/14,6509.223086,10.56666667
2018/9/13,6501.145617,10.6
2018/9/12,6359.149645,10.63333333
2018/9/11,6306.694006,10.66666667
2018/9/10,6330.669843,10.7
2018/9/9,6277.682277,10.73333333
2018/9/8,6214.51545,10.76666667
2018/9/7,6436.841435,10.8
2018/9/6,6519.675095,10.83333333
2018/9/5,6714.906125,10.86666667
2018/9/4,7360.989295,10.9
2018/9/3,7268.864743,10.93333333
2018/9/2,7277.239549,10.96666667
2018/9/1,7193.248733,11
2018/8/31,7018.26405,11.03225806
2018/8/30,6973.880312,11.06451613
2018/8/29,7036.643094,11.09677419
2018/8/28,7082.637385,11.12903226
2018/8/27,6883.391277,11.16129032
2018/8/26,6705.158423,11.19354839
2018/8/25,6745.155573,11.22580645
2018/8/24,6709.592961,11.25806452
2018/8/23,6528.524415,11.29032258
2018/8/22,6376.530714,11.32258065
2018/8/21,6482.48094,11.35483871
2018/8/20,6291.971192,11.38709677
2018/8/19,6509.311913,11.41935484
2018/8/18,6420.016879,11.4516129
2018/8/17,6587.234439,11.48387097
2018/8/16,6329.69734,11.51612903
2018/8/15,6306.298266,11.5483871
2018/8/14,6207.11752,11.58064516
2018/8/13,6284.928115,11.61290323
2018/8/12,6342.511734,11.64516129
2018/8/11,6293.915942,11.67741935
2018/8/10,6183.831056,11.70967742
2018/8/9,6563.764604,11.74193548
2018/8/8,6281.517374,11.77419355
2018/8/7,6732.82669,11.80645161
2018/8/6,6935.713092,11.83870968
2018/8/5,7041.990104,11.87096774
2018/8/4,7017.844894,11.90322581
2018/8/3,7422.438043,11.93548387
2018/8/2,7551.493153,11.96774194
2018/8/1,7596.721803,12
2018/7/31,7752.144492,12.03225806
2018/7/30,8181.184914,12.06451613
2018/7/29,8211.614335,12.09677419
2018/7/28,8195.281388,12.12903226
2018/7/27,8158.491094,12.16129032
2018/7/26,7933.673932,12.19354839
2018/7/25,8179.363887,12.22580645
2018/7/24,8338.94062,12.25806452
2018/7/23,7712.930732,12.29032258
2018/7/22,7391.747574,12.32258065
2018/7/21,7400.986497,12.35483871
2018/7/20,7329.843348,12.38709677
2018/7/19,7443.660646,12.41935484
2018/7/18,7353.883851,12.4516129
2018/7/17,7317.330034,12.48387097
2018/7/16,6705.492444,12.51612903
2018/7/15,6346.599551,12.5483871
2018/7/14,6250.050407,12.58064516
2018/7/13,6215.784718,12.61290323
2018/7/12,6202.442176,12.64516129
2018/7/11,6367.687185,12.67741935
2018/7/10,6319.83561,12.70967742
2018/7/9,6669.99851,12.74193548
2018/7/8,6711.7568,12.77419355
2018/7/7,6718.701013,12.80645161
2018/7/6,6600.606901,12.83870968
2018/7/5,6532.499354,12.87096774
2018/7/4,6603.099909,12.90322581
2018/7/3,6534.644903,12.93548387
2018/7/2,6595.968717,12.96774194
2018/7/1,6364.401842,13
2018/6/30,6376.564855,13
2018/6/29,6127.560923,13
2018/6/28,5912.435446,13
2018/6/27,6108.694146,13
2018/6/26,6103.03072,13
2018/6/25,6238.074119,13
2018/6/24,6149.117943,13
2018/6/23,6156.300264,13
2018/6/22,6071.720089,13
2018/6/21,6711.941657,13
2018/6/20,6734.137828,13
2018/6/19,6722.636753,13
2018/6/18,6700.596021,13
2018/6/17,6461.213025,13
2018/6/16,6505.755311,13
2018/6/15,6473.773491,13
2018/6/14,6649.438347,13
2018/6/13,6308.396028,13
2018/6/12,6558.514878,13
2018/6/11,6847.943671,13
2018/6/10,6797.078904,13
2018/6/9,7559.667409,13
2018/6/8,7622.637061,13
2018/6/7,7654.789136,13
2018/6/6,7577.593405,13
2018/6/5,7612.115176,13
2018/6/4,7505.890508,13
2018/6/3,7684.931799,13
2018/6/2,7588.637728,13
2018/6/1,7525.473797,13
2018/5/31,7504.038587,13.06451613
2018/5/30,7411.621917,13.12903226
2018/5/29,7474.562016,13.19354839
2018/5/28,7149.250597,13.25806452
2018/5/27,7363.93676,13.32258065
2018/5/26,7349.788652,13.38709677
2018/5/25,7488.637221,13.4516129
2018/5/24,7576.278752,13.51612903
2018/5/23,7570.538188,13.58064516
2018/5/22,8032.093711,13.64516129
2018/5/21,8399.115042,13.70967742
2018/5/20,8499.1229,13.77419355
2018/5/19,8225.333519,13.83870968
2018/5/18,8236.681884,13.90322581
2018/5/17,8088.947899,13.96774194
2018/5/16,8343.900226,14.03225806
2018/5/15,8515.701134,14.09677419
2018/5/14,8740.312768,14.16129032
2018/5/13,8699.820503,14.22580645
2018/5/12,8488.213129,14.29032258
2018/5/11,8422.66381,14.35483871
2018/5/10,9037.392112,14.41935484
2018/5/9,9327.374047,14.48387097
2018/5/8,9233.687914,14.5483871
2018/5/7,9372.878004,14.61290323
2018/5/6,9666.853489,14.67741935
2018/5/5,9864.060649,14.74193548
2018/5/4,9718.724265,14.80645161
2018/5/3,9769.290293,14.87096774
2018/5/2,9236.704389,14.93548387
2018/5/1,9096.810022,15
2018/4/30,9240.335679,15.13333333
2018/4/29,9413.409305,15.26666667
2018/4/28,9337.281363,15.4
2018/4/27,8974.089791,15.53333333
2018/4/26,9268.527837,15.66666667
2018/4/25,8846.751895,15.8
2018/4/24,9715.110088,15.93333333
2018/4/23,8924.023356,16.06666667
2018/4/22,8787.210206,16.2
2018/4/21,8884.348604,16.33333333
2018/4/20,8813.044081,16.46666667
2018/4/19,8280.64311,16.6
2018/4/18,8133.862763,16.73333333
2018/4/17,7889.50363,16.86666667
2018/4/16,8038.471105,17
2018/4/15,8301.987534,17.13333333
2018/4/14,7910.243775,17.26666667
2018/4/13,7866.931623,17.4
2018/4/12,7821.822517,17.53333333
2018/4/11,6932.843296,17.66666667
2018/4/10,6844.301557,17.8
2018/4/9,6772.871609,17.93333333
2018/4/8,7000.923355,18.06666667
2018/4/7,6894.151859,18.2
2018/4/6,6637.296686,18.33333333
2018/4/5,6819.726657,18.46666667
2018/4/4,6840.93611,18.6
2018/4/3,7454.69179,18.73333333
2018/4/2,7061.622526,18.86666667
2018/4/1,6830.630577,19
2018/3/31,6955.124518,19.12903226
2018/3/30,6880.453144,19.25806452
2018/3/29,7178.058623,19.38709677
2018/3/28,7954.826953,19.51612903
2018/3/27,7828.221732,19.64516129
2018/3/26,8187.383924,19.77419355
2018/3/25,8466.556129,19.90322581
2018/3/24,8661.018753,20.03225806
2018/3/23,8865.051157,20.16129032
2018/3/22,8721.57,20.29032258
2018/3/21,8978.01899,20.41935484
2018/3/20,8892.783654,20.5483871
2018/3/19,8588.661986,20.67741935
2018/3/18,8092.439642,20.80645161
2018/3/17,7906.38397,20.93548387
2018/3/16,8315.139163,21.06451613
2018/3/15,8291.944666,21.19354839
2018/3/14,8262.032897,21.32258065
2018/3/13,9208.440502,21.4516129
2018/3/12,9216.378706,21.58064516
2018/3/11,9570.367448,21.70967742
2018/3/10,8894.85712,21.83870968
2018/3/9,9345.521676,21.96774194
2018/3/8,9433.592923,22.09677419
2018/3/7,9968.268316,22.22580645
2018/3/6,10697.57229,22.35483871
2018/3/5,11527.56879,22.48387097
2018/3/4,11516.38357,22.61290323
2018/3/3,11494.89894,22.74193548
2018/3/2,11095.09196,22.87096774
2018/3/1,10929.7655,23
2018/2/28,10412.02401,23.64285714
2018/2/27,10736.49053,24.28571429
2018/2/26,10371.77268,24.92857143
2018/2/25,9699.647408,25.57142857
2018/2/24,9843.276427,26.21428571
2018/2/23,10348.06763,26.85714286
2018/2/22,9987.171846,27.5
2018/2/21,10680.36171,28.14285714
2018/2/20,11446.21506,28.78571429
2018/2/19,11191.90266,29.42857143
2018/2/18,10576.17556,30.07142857
2018/2/17,11095.6086,30.71428571
2018/2/16,10245.30885,31.35714286
2018/2/15,10117.07499,32
2018/2/14,9505.15,32.64285714
2018/2/13,8577.572064,33.28571429
2018/2/12,8863.252806,33.92857143
2018/2/11,8099.307366,34.57142857
2018/2/10,8624.238538,35.21428571
2018/2/9,8684.106762,35.85714286
2018/2/8,8256.155151,36.5
2018/2/7,7587.933554,37.14285714
2018/2/6,7768.942755,37.78571429
2018/2/5,6905.959543,38.42857143
2018/2/4,8256.583798,39.07142857
2018/2/3,9191.270888,39.71428571
2018/2/2,8768.328115,40.35714286
2018/2/1,9171.249369,41
2018/1/31,10236.67507,41.51612903
2018/1/30,10084.49524,42.03225806
2018/1/29,11348.08379,42.5483871
2018/1/28,11865.23189,43.06451613
2018/1/27,11446.46873,43.58064516
2018/1/26,11123.95015,44.09677419
2018/1/25,11219.4367,44.61290323
2018/1/24,10821.59111,45.12903226
2018/1/23,10800.47262,45.64516129
2018/1/22,10917.30641,46.16129032
2018/1/21,11481.02513,46.67741935
2018/1/20,12961.20566,47.19354839
2018/1/19,11517.12995,47.70967742
2018/1/18,11305.3074,48.22580645
2018/1/17,11139.59209,48.74193548
2018/1/16,11445.84964,49.25806452
2018/1/15,13769.21644,49.77419355
2018/1/14,13815.42967,50.29032258
2018/1/13,14552.77603,50.80645161
2018/1/12,14089.11203,51.32258065
2018/1/11,13501.98144,51.83870968
2018/1/10,15065.00252,52.35483871
2018/1/9,14710.59636,52.87096774
2018/1/8,15218.63286,53.38709677
2018/1/7,16515.28737,53.90322581
2018/1/6,17162.01641,54.41935484
2018/1/5,16989.16148,54.93548387
2018/1/4,15163.89895,55.4516129
2018/1/3,15079.15218,55.96774194
2018/1/2,14938.17668,56.48387097
2018/1/1,13577.18855,57
